Unique_ID,Similarity_Score
0,0.09448309370023733
1,0.08099986488735614
2,0.09758684955041692
3,0.07300694824175002
4,0.09361277590585301
5,0.14306518200069943
6,0.09046141414925271
7,0.22526071910677506
8,0.1494984009734388
9,0.27282945857460433
10,0.0724362553054915
11,0.09065279364808457
12,0.10890372711985333
13,0.13909824525820635
14,0.22695065240682427
15,0.03495090764207748
16,0.06513261386007328
17,0.14691154081121668
18,0.4584930776259214
19,0.0734502619077801
20,0.04699790980457281
21,0.06805296359700329
22,0.06526450840300205
23,0.062416261084309255
24,0.12284325090437154
25,0.08253917803521359
26,0.11583555924617638
27,0.35466725036531116
28,0.09338784405391096
29,0.06931119228524507
30,0.020855522218960955
31,0.04156268753976691
32,0.20153551475014272
33,0.07118691496417293
34,0.04042345847214719
35,0.04519419120284912
36,0.12206761275862124
37,0.1254230446960469
38,0.10808790497839245
39,0.13188105070707137
40,0.07843906153778271
41,0.0567139951755603
42,0.08761268515524027
43,0.06731984688588646
44,0.07622888339553809
45,0.1632643049398381
46,0.0981691674742056
47,0.09148518243294668
48,0.07661281514025324
49,0.024104776414307985
50,0.16754927392855073
51,0.0555381761671086
52,0.03957404518776747
53,0.04524897345317486
54,0.09162649279185203
55,0.13887395070267924
56,0.07784672601513107
57,0.10310477484893328
58,0.11650810205917593
59,0.08637739213342732
60,0.18073812677900883
61,0.22801455370302087
62,0.05994501738200321
63,0.0782681771620543
64,0.052323733621411454
65,0.03933455163061371
66,0.04421290054512234
67,0.06125941358067451
68,0.24521999727666666
69,0.08885309578769135
70,0.12741848379183823
71,0.07046376469296864
72,0.028274485522509617
73,0.10455971306797994
74,0.0385189511965831
75,0.0812680921763624
76,0.06059286909731683
77,0.0833633731812686
78,0.13975744724326428
79,0.0929863996828777
80,0.11800669729429841
81,0.06536427079123122
82,0.05788769666260861
83,0.10780186286107077
84,0.030842927788184996
85,0.024885215431266903
86,0.03160914349413835
87,0.0678184490170075
88,0.11319616588615672
89,0.23084760344031524
90,0.052957545186776506
91,0.052809404717406
92,0.03329726383518709
93,0.11896512213032545
94,0.20555380362826656
95,0.04486885629849114
96,0.055463377134001846
97,0.05897402080174687
98,0.03078265608564007
99,0.08009103947858091
100,0.024338107059448597
101,0.05823670976018877
102,0.09091935700323714
103,0.14130803891474372
104,0.07980245227937913
105,0.0660743650378736
106,0.08663345477983284
107,0.05970361923084497
108,0.07362085642708432
109,0.07394262681891461
110,0.06160807594453292
111,0.12997955844976586
112,0.04864186410273317
113,0.0516270579912965
114,0.07245475440791818
115,0.11815072425109999
116,0.04617951105691101
117,0.03143304093510875
118,0.08034933821666174
119,0.14690169618305762
120,0.0430497530487991
121,0.08294294354223725
122,0.09321348117224322
123,0.06014409858718566
124,0.03556077414608742
125,0.061538046433494864
126,0.10325768540488618
127,0.037339031683147714
128,0.0580642313324876
129,0.05848862037929134
130,0.09280840748332528
131,0.11170564606045896
132,0.09713488449233523
133,0.07976412464692771
134,0.08694304489003683
135,0.059632507018154916
136,0.04854849298725138
137,0.08557922479212493
138,0.0747826896268137
139,0.04816684169796762
140,0.05410913393867908
141,0.11654206371851553
142,0.1050178833019392
143,0.07376183183445169
144,0.15007041741750576
145,0.0977425725690752
146,0.26628154190724973
147,0.21750241261861747
148,0.1287185222901011
149,0.06358315718733662
150,0.06718591902857349
151,0.04566021666235024
152,0.054765476567534804
153,0.03958530411508468
154,0.0531043871788998
155,0.13258807632257963
156,0.09131172379841683
157,0.07447377376088099
158,0.06169174185432307
159,0.33879097588552554
160,0.07481072974937993
161,0.22393966315896502
162,0.0630883695325147
163,0.06371019553774941
164,0.06442208573319906
165,0.176010970472085
166,0.04228856643818045
167,0.06577140444471313
168,0.08842654642637818
169,0.11970437181119109
170,0.0924390112885421
171,0.07996545951329968
172,0.0421899919055678
173,0.06415082639670958
174,0.05797328853941415
175,0.11332707026025148
176,0.09104978522768861
177,0.16463577191311776
178,0.02812263465694915
179,0.1584630665680885
180,0.053414920592409994
181,0.19891299152641984
182,0.20352745046250878
183,0.06376928263101642
184,0.08713233618762667
185,0.1457137235899248
186,0.05978802753359553
187,0.05265124857377453
188,0.11850473954415444
189,0.11337163740488378
190,0.18762994125384053
191,0.021928728992823807
192,0.03855586070361882
193,0.031459797651890234
194,0.09796058879704359
195,0.04302970497833647
196,0.08281762070964482
197,0.04707643849743938
198,0.04619766614539483
199,0.06440886805595951
200,0.05749473135340863
201,0.050719930751600764
202,0.0922168698931769
203,0.052970551977697566
204,0.03913197653254676
205,0.07845079335441507
206,0.04214948277082099
207,0.2699936618344885
208,0.08300848185468679
209,0.08125805450809231
210,0.03604443074067054
211,0.08297226602504564
212,0.02980593990103392
213,0.07655319675574937
214,0.036367900840429734
215,0.03922083222380876
216,0.050532637919575484
217,0.16991566712516923
218,0.10962863994106126
219,0.05623756334790533
220,0.1146305604878669
221,0.08991634687494762
222,0.06566666878897853
223,0.0329532213468439
224,0.022462545047218153
225,0.09460182903096147
226,0.05278748503053578
227,0.09138270169469961
228,0.09958979963639827
229,0.028212161394253792
230,0.05296392589125348
231,0.0737807309186837
232,0.04160553592698565
233,0.04735843585989738
234,0.12497155527524695
235,0.06451781729895396
236,0.09526641114075225
237,0.03205772549927066
238,0.21895639021937088
239,0.04028089913517565
240,0.0786337387725874
241,0.06454359117089128
242,0.08267375455308246
243,0.12117303307067266
244,0.06964383423196172
245,0.10054834734522633
246,0.05508402547321914
247,0.04129840727784451
248,0.07418450489473719
249,0.07547910027238186
250,0.2263299515864201
251,0.07093902295428987
252,0.11883429013833255
253,0.022576892910454407
254,0.09312504657334968
255,0.0986193392547509
256,0.04596089659312122
257,0.0702065886820729
258,0.05210610919618369
259,0.092228206474335
260,0.04271294507846641
261,0.09383214797381015
262,0.07130420584521352
263,0.04353785153182511
264,0.05978068243353508
265,0.08022850607167668
266,0.04088576187531063
267,0.19712023877217855
268,0.15569898132142923
269,0.065364344701305
270,0.096438562050526
271,0.03726188879884032
272,0.30396241251142203
273,0.031287869177536315
274,0.47177165642244634
275,0.14102752449558165
276,0.08035695103392831
277,0.07476948889587211
278,0.08668602556487041
279,0.08550530590480579
280,0.10528189657809747
281,0.07655565675737178
282,0.0790513564275987
283,0.02620022258029664
284,0.7184546779535144
285,0.046525309909443986
286,0.07980295952575267
287,0.07566514389435611
288,0.0740512390679258
289,0.07390500684082577
290,0.15435315038194009
291,0.1169202828688918
292,0.07503257274908573
293,0.03498495156458627
294,0.1747586748100459
295,0.06385189622481297
296,0.03633799932390158
297,0.08272293454558922
298,0.05765977659097076
299,0.09224714377824073
300,0.08042655245270494
301,0.2579041663076718
302,0.2545715693687852
303,0.10930982108921274
304,0.06458206891521112
305,0.08990245629791124
306,0.05933138867613349
307,0.10764841771438736
308,0.07464215013419975
309,0.04516709133996691
310,0.08185901532859796
311,0.06579479946122128
312,0.018084421000047455
313,0.0846033154826699
314,0.14933257217497525
315,0.06082186534455791
316,0.04294182036951334
317,0.038337446744743126
318,0.10294213628754788
319,0.19295739333671075
320,0.06541640982445425
321,0.14182924383796658
322,0.11131760124859853
323,0.06216402574344797
324,0.07048892205701295
325,0.04905516552800647
326,0.09799885662805571
327,0.24555180040613495
328,0.22737070866170306
329,0.2559818356406238
330,0.02742551319249329
331,0.04360584162526223
332,0.07448183488808674
333,0.11668517793614781
334,0.08820285923273447
335,0.03726029258599441
336,0.08002324944193606
337,0.025855925552628976
338,0.06368902089985622
339,0.0515618596942574
340,0.03723950550794587
341,0.08159417368499686
342,0.055113742614916514
343,0.04072698815048502
344,0.2038476758168388
345,0.01927887693631563
346,0.11121812152211119
347,0.06904166714944047
348,0.06088479939874031
349,0.07012761856320235
350,0.09779372828192562
351,0.16717211560217615
352,0.12559008597484644
353,0.10504782689650127
354,0.01763990894348563
355,0.036126299618473946
356,0.09640957791666283
357,0.07543695039810511
358,0.0775213942214928
359,0.04194310441204422
360,0.060673811565460985
361,0.19185230309996498
362,0.02156055920528708
363,0.08419402312848845
364,0.05899509631222759
365,0.05644177913167185
366,0.14639310260239843
367,0.05287454930442671
368,0.04052605298446522
369,0.06912600297745694
370,0.06354402856116831
371,0.13246671123337422
372,0.069899298974902
373,0.08846598179060147
374,0.111114180658302
375,0.0781191758684893
376,0.07038915820800985
377,0.5008665988832144
378,0.030261120348081677
379,0.13157699960435884
380,0.1986546365415922
381,0.027999811467360074
382,0.06919440765990734
383,0.0487866206416708
384,0.059701415930092996
385,0.10019342541861073
386,0.07944749768506867
387,0.0836458450223497
388,0.07156044305258999
389,0.02917637408655781
390,0.11554192114223019
391,0.07801139153485384
392,0.07099904715222649
393,0.08513007131919861
394,0.09842140507408455
395,0.03646285227647664
396,0.05959312067163844
397,0.08026517088149804
398,0.1502036631014644
399,0.11762559488154556
400,0.10310145993920439
401,0.09961507024760163
402,0.0885806096561076
403,0.05810415729164785
404,0.06496321826770471
405,0.32200250265328395
406,0.037140940180896295
407,0.11303341097577352
408,0.037648756013625474
409,0.08335485720685916
410,0.054643331819037966
411,0.032457761098710715
412,0.0898372589353721
413,0.06773896866064638
414,0.08309702967834312
415,0.07342259268827951
416,0.035169002950349165
417,0.003377929492968633
418,0.1312315697475885
419,0.11085631312306451
420,0.08750468335494849
421,0.04082411251918079
422,0.15066885653670975
423,0.38374302262138865
424,0.04931296297793976
425,0.07962982108194987
426,0.03860331156040657
427,0.016038725881734814
428,0.0756704065408117
429,0.3061705073722101
430,0.055701521649293984
431,0.05476901352745017
432,0.08385377371428047
433,0.05097660984721475
434,0.24638484409626202
435,0.02837679901492128
436,0.10721746900622744
437,0.08067336464148114
438,0.07263883737468757
439,0.013292685749760724
440,0.043473035467061105
441,0.10812650286419967
442,0.25759996624963893
443,0.08433272844872547
444,0.0895374597713557
445,0.028828558221834548
446,0.206429928995224
447,0.04413976218787196
448,0.05355842904668748
449,0.1755121520056595
450,0.1065913002923498
451,0.14946968198452082
452,0.04959908611921207
453,0.3368181618841509
454,0.06086363821069178
455,0.01686296171938887
456,0.09148320530500803
457,0.21483266921089625
458,0.07015289710714387
459,0.12676941548521029
460,0.11877117962685874
461,0.07371903128932451
462,0.0714645883485875
463,0.062416057677855644
464,0.09541816382015891
465,0.06000644948381372
466,0.034955688749618116
467,0.06724264405287003
468,0.05873832102399022
469,0.12245747189545943
470,0.0833023979624429
471,0.044318800247868995
472,0.4444673495481815
473,0.12675548736557976
474,0.050150993782844544
475,0.15364609666401557
476,0.09275867325649044
477,0.1133386965279221
478,0.0735249742726216
479,0.08050877767905118
480,0.0551454171869231
481,0.0910915578960918
482,0.029024682710619983
483,0.11960313817556122
484,0.040848110468397016
485,0.1045957479274827
486,0.06179976965405328
487,0.06760667501325429
488,0.09502852451712679
489,0.06961962547289495
490,0.04805576173847144
491,0.036310797639506356
492,0.04124026786286529
493,0.033771105754395736
494,0.03954110734647767
495,0.117600654175475
496,0.06414440712576187
497,0.028408313747972008
498,0.08299009095874796
499,0.21111911226374055
500,0.06592421754786418
501,0.1715597985955133
502,0.15514174374273834
503,0.1939441894554239
504,0.09577311826056614
505,0.0798926687761515
506,0.06088878995552974
507,0.07834505153883424
508,0.09055320203385067
509,0.10703502291954538
510,0.040450764017966656
511,0.0924466515841516
512,0.253327505653255
513,0.049827716592547394
514,0.1463439321070692
515,0.0342686409225975
516,0.13050032193162286
517,0.10233436771336546
518,0.16049643996399388
519,0.054225919447115925
520,0.05048240264722399
521,0.05832803589820666
522,0.2267404494688009
523,0.16914668623622242
524,0.055016648089077066
525,0.07694951237189177
526,0.03386886112820868
527,0.1587482322097099
528,0.057688959554558245
529,0.04538479776262468
530,0.057807932231131884
531,0.23639105344811312
532,0.04392707345402699
533,0.03915628053468177
534,0.12509029097514232
535,0.28572983954642844
536,0.06447566393584628
537,0.07817812246685193
538,0.053077109894046
539,0.14168928245035892
540,0.12020794509957579
541,0.04625899513849056
542,0.06389334097253407
543,0.0402482365511564
544,0.05885562063019109
545,0.07198736400600886
546,0.12552564042471256
547,0.1068208579833527
548,0.0652060382951811
549,0.29846207713446565
550,0.05173565656617542
551,0.41067071832985635
552,0.19967020137298114
553,0.20102678702805843
554,0.10992157985531868
555,0.22449292098418222
556,0.10359887381146733
557,0.17183762580404316
558,0.10997808079447949
559,0.05150607560276266
560,0.05041832295757556
561,0.023810157238253575
562,0.1159685008889091
563,0.08089168813346495
564,0.02699622178740362
565,0.07282287359357406
566,0.019322271736446815
567,0.12519679217046142
568,0.06633646989509785
569,0.08605651163407904
570,0.08650391003739312
571,0.10420254167876337
572,0.11715870247819166
573,0.04618311970964991
574,0.028416102864552262
575,0.3188030371924541
576,0.09243030937423075
577,0.0455866954353709
578,0.018689014798027502
579,0.10181453740138155
580,0.0095023764130749
581,0.18659184670949847
582,0.04672349998540447
583,0.09886990685899553
584,0.020676329760150942
585,0.06787310393960196
586,0.09929568729708294
587,0.040167667748051014
588,0.07473894829402213
589,0.13033411724983496
590,0.07745657452211602
591,0.05298487490798745
592,0.11348759242851769
593,0.07990979472964557
594,0.12750098433295778
595,0.037688655580881164
596,0.0573964393667627
597,0.04090398981648115
598,0.1622652314315087
599,0.07552401598419511
600,0.17951660936229707
601,0.06364235710831925
602,0.48165252225456595
603,0.09793320669439107
604,0.061715278305434926
605,0.049443928243791145
606,0.0723653757023908
607,0.14654520291037873
608,0.1552480935312151
609,0.12145903092764843
610,0.02321967963395237
611,0.04434884373250022
612,0.04199071037681528
613,0.03400500386623556
614,0.3990678832331543
615,0.08596953370273844
616,0.03425359617682516
617,0.10073494796389096
618,0.11143411834221181
619,0.0669447608242806
620,0.11612955622634707
621,0.07883410704023112
622,0.19284882167067036
623,0.10218346125452922
624,0.0
625,0.056870872534538985
626,0.05391060015124429
627,0.14804065110705647
628,0.17130048604119252
629,0.04439428347549613
630,0.08564535168963028
631,0.03175709956874598
632,0.15395692134160113
633,0.0408436950768423
634,0.07744447623187103
635,0.08383655846900195
636,0.08749183503918066
637,0.03921836711928817
638,0.06095973993492987
639,0.07298108627386404
640,0.0903692980189951
641,0.014344625506847413
642,0.22332267585475907
643,0.08845719499753009
644,0.01999951176900408
645,0.08791707139584232
646,0.02967155565708137
647,0.029496453890724153
648,0.06202451448564901
649,0.04058771445721783
650,0.044265468595328775
651,0.03779272985198897
652,0.041224106550910945
653,0.019979668911004715
654,0.06311079231582141
655,0.08894988057265944
656,0.10900584428861007
657,0.03102130173951373
658,0.03902987272804379
659,0.1328316729003051
660,0.05184236978111577
661,0.07895869960437046
662,0.030648730298838626
663,0.09804722665140421
664,0.0732291355452852
665,0.20075091658390015
666,0.035548238614435124
667,0.10904082412419056
668,0.008492982027479837
669,0.18867919125029148
670,0.037659476218755955
671,0.08514087821978825
672,0.028237401560885667
673,0.04068633727469879
674,0.10972491851808121
675,0.08568100086811539
676,0.038192897568775724
677,0.028161415933558514
678,0.07518843996473298
679,0.09622112240118647
680,0.23654677881902322
681,0.11040449413013859
682,0.24845230553130082
683,0.06375490899492701
684,0.06015016342419782
685,0.10478945067430401
686,0.05729942007358025
687,0.06353799127869425
688,0.1126531305657777
689,0.032682024376959815
690,0.05511745441843395
691,0.19977325287309258
692,0.026813420038871806
693,0.030055597474747522
694,0.1776963842238407
695,0.21728488980990607
696,0.21035734611214327
697,0.06297809712603085
698,0.10983834502355282
699,0.020626892265041462
700,0.07174471643671093
701,0.1450930343635312
702,0.04641584662594671
703,0.07048920950753135
704,0.033402390658066466
705,0.047307780674075484
706,0.047416286881517916
707,0.10336971315590698
708,0.057333762497726794
709,0.05486896722055348
710,0.05978982214247175
711,0.07369673597505429
712,0.060610367626701994
713,0.07288403970816806
714,0.06273547350125588
715,0.1277457584020026
716,0.13024673511651064
717,0.047271039683682646
718,0.0633949656855464
719,0.2315206109349404
720,0.10124615231243667
721,0.10818800525584171
722,0.025715421137716202
723,0.04032014653821442
724,0.037288768220888606
725,0.013815129769194735
726,0.06331045629569823
727,0.06367307169142447
728,0.05234265495708756
729,0.07407002098964238
730,0.09799113774596895
731,0.01829237469824876
732,0.23538599807312302
733,0.04360141801136694
734,0.06315196172519905
735,0.06899081685354136
736,0.0737918732189211
737,0.11523266755780387
738,0.12977321371141076
739,0.03861912768330361
740,0.041045669713090815
741,0.06170640036775044
742,0.057161483344160234
743,0.08502969174729114
744,0.04980545179798655
745,0.0430818413987681
746,0.040016485881879685
747,0.03580927116153748
748,0.16410933097817393
749,0.06632148752134867
750,0.15361287412129557
751,0.03989378721769024
752,0.05138759291631792
753,0.07397041955496303
754,0.0836349867869659
755,0.09024060310773875
756,0.052989025966796464
757,0.0682845802004369
758,0.058654936610813085
759,0.09574028816810151
760,0.10223491105194855
761,0.0685314572392087
762,0.06553965797400206
763,0.026336060065280383
764,0.04771315608419009
765,0.13263212682072428
766,0.08260202993043911
767,0.05314437173084366
768,0.08869104051693666
769,0.05609228150221218
770,0.023030695896458196
771,0.0874866907038315
772,0.0340428794631882
773,0.042964520544582524
774,0.08569109779536105
775,0.05505753381960147
776,0.035983758911394166
777,0.05756220259337993
778,0.08028950110364928
779,0.10400550824514859
780,0.017702010662507303
781,0.032302737211870276
782,0.14327320159090712
783,0.061482544884341794
784,0.015312265465119797
785,0.16679840523585926
786,0.3305253580362715
787,0.06671460837364507
788,0.11764765521526335
789,0.14840423100549532
790,0.035423239633744934
791,0.13020703461406447
792,0.014810824251484913
793,0.15898347761924198
794,0.04460070412702043
795,0.42083034109404366
796,0.08594709633338914
797,0.032854779678940044
798,0.11846916150448322
799,0.09568367325803928
800,0.06483463892239884
801,0.15116657372119513
802,0.06484784642028744
803,0.48944194641776484
804,0.07297900406790256
805,0.02815794337341373
806,0.11572720022674486
807,0.05290994095357831
808,0.052027076589384894
809,0.05491756874499301
810,0.13948209421802166
811,0.08195458793745528
812,0.060195302449227384
813,0.08341551334625641
814,0.06997437165731997
815,0.14191113643581435
816,0.05725824806084055
817,0.14340932411249294
818,0.12318766916301951
819,0.04125757649760664
820,0.08204604836493182
821,0.060062348416347666
822,0.1678570659509436
823,0.1174337191252192
824,0.04649137745372997
825,0.10802738651525401
826,0.07357884616762084
827,0.11259343703775505
828,0.08485238493957672
829,0.08830484411831509
830,0.09054392456443316
831,0.05560449471087723
832,0.038399491947316275
833,0.061529720401825624
834,0.06873295311726689
835,0.09517306264436828
836,0.12455729434811876
837,0.05997736444206944
838,0.06236646635954006
839,0.07124610467794437
840,0.06948133810499185
841,0.09012084159707304
842,0.07372258816335442
843,0.07795422573543125
844,0.1568614521171724
845,0.08174165057370344
846,0.03178083941421728
847,0.10050288302198393
848,0.27815491877276277
849,0.05337144163368959
850,0.07328677935127823
851,0.11192093644172563
852,0.10698851918820906
853,0.06030716967621805
854,0.025694600194803775
855,0.04229265243896428
856,0.10803691630797066
857,0.059904936740479406
858,0.07078963188165499
859,0.08918738591391945
860,0.0780628606319462
861,0.06098624614128
862,0.062243325546291195
863,0.18199670810952975
864,0.006915591815568575
865,0.06720801566573288
866,0.07518500578339958
867,0.47268056375695927
868,0.0868633204661351
869,0.124127924005451
870,0.09523638507653166
871,0.087711732932806
872,0.20965449751124163
873,0.3132545098988582
874,0.09189603480227784
875,0.08353589976702645
876,0.09944841171535854
877,0.07655646304949008
878,0.11000446888763898
879,0.07925206547607165
880,0.11106030386587433
881,0.054095383148151856
882,0.034254860372197875
883,0.03550237318484274
884,0.05163535827225474
885,0.16324843207036363
886,0.2507765721594854
887,0.04000509941920881
888,0.19406519675755174
889,0.07631657816478543
890,0.08347480565124032
891,0.10311972669238258
892,0.029833511450043666
893,0.0639854513965398
894,0.06643197208332209
895,0.1495019931296949
896,0.09823348966761414
897,0.08812496113475096
898,0.044656314272096584
899,0.034058300736595576
900,0.028840622055512296
901,0.30270063686404264
902,0.024131112441198352
903,0.06159769240533148
904,0.06460681807385989
905,0.06942248443163633
906,0.06637576042001946
907,0.05341349724497732
908,0.04805855140014364
909,0.06437614268047837
910,0.04793520182277262
911,0.08958583282530307
912,0.08383745792886044
913,0.08961592874190383
914,0.17594790764505405
915,0.034257508783518895
916,0.04174491262560229
917,0.1295362005932939
918,0.03652228169159776
919,0.04847495353026132
920,0.34958377005494046
921,0.0579674867252746
922,0.07882919517072885
923,0.1826203610654914
924,0.042453307187600466
925,0.10373986084795568
926,0.04536676544065062
927,0.0702527547619912
928,0.02533330669963616
929,0.06341162302225832
930,0.11577672005063631
931,0.09286355110834643
932,0.06936964781380461
933,0.059550392833905695
934,0.20073784413668716
935,0.04222406872014543
936,0.057820877273629896
937,0.10913366677742811
938,0.13122762731247078
939,0.057856284428200164
940,0.050999784271570356
941,0.05088682363799629
942,0.11090242553945494
943,0.05278863150078952
944,0.1462318364402137
945,0.10196606678560913
946,0.07704129744780831
947,0.03791554194704909
948,0.1136822748408472
949,0.13180792937899616
950,0.08187688991311838
951,0.10987307292492476
952,0.05430804114445603
953,0.042323203817338687
954,0.024067996756685063
955,0.07706474601277104
956,0.06659868218738618
957,0.06892677530115023
958,0.07211593484225856
959,0.0739981637775241
960,0.11033075310524587
961,0.014588599583839812
962,0.04557827475963063
963,0.07554858678232602
964,0.09128958426356397
965,0.05907980093840508
966,0.0699464198671267
967,0.05962856297112525
968,0.07866239056407809
969,0.18846536032673372
970,0.05436153132977589
971,0.07326524389521316
972,0.08168695745543092
973,0.0672477842581803
974,0.09368586692612835
975,0.043499352497885474
976,0.06086331991970137
977,0.04864824921908194
978,0.041901173678791544
979,0.1093987783848194
980,0.07240728507525367
981,0.24812409708475835
982,0.06158763502070125
983,0.037722449569761216
984,0.0802464298624069
985,0.12825380752027768
986,0.1613020343009228
987,0.04721820904276884
988,0.08342283378769116
989,0.03032468044648615
990,0.032024614855560594
991,0.2336171563583115
992,0.3126319380984233
993,0.09688318180512717
994,0.06584106558559066
995,0.06912177080223623
996,0.04318320514452179
997,0.2874440107083814
998,0.035050522833511746
999,0.05391356063354626
1000,0.09202731307927736
1001,0.07530777296367147
1002,0.11793311938261758
1003,0.02866047978756009
1004,0.07221321771612133
1005,0.07262910000402634
1006,0.14406688942478077
1007,0.1531811206535428
1008,0.07631700135064219
1009,0.1654702296598922
1010,0.05945692249117334
1011,0.05343069942469096
1012,0.059877489786156
1013,0.1021587999499695
1014,0.13326033519768618
1015,0.07084283316741806
1016,0.04514450735329972
1017,0.058131183049566895
1018,0.05854166487350883
1019,0.08930241567867309
1020,0.0433455625067139
1021,0.1820581690151254
1022,0.10641923491783484
1023,0.04252802021025566
1024,0.055475251861784834
1025,0.11896286149775719
1026,0.42587467342685986
1027,0.04023003958528849
1028,0.08531186891217016
1029,0.046166327715937955
1030,0.18767053372180487
1031,0.07243410672094443
1032,0.0328172483303907
1033,0.08446027281123138
1034,0.0483784977644294
1035,0.036506031846177144
1036,0.09802473391287828
1037,0.17824679829790582
1038,0.04418271442339928
1039,0.06450887227909757
1040,0.08708809640628165
1041,0.035734543903661764
1042,0.10414038630935088
1043,0.04926147592199659
1044,0.11330925033072647
1045,0.06808454057892192
1046,0.10349412274593671
1047,0.0941546443297773
1048,0.053224042551036146
1049,0.09744870211713433
1050,0.10150091380723644
1051,0.05981269988334158
1052,0.05014725553448087
1053,0.0748329840796291
1054,0.07030044234596469
1055,0.3246231791550972
1056,0.08062322446472185
1057,0.22782953673329273
1058,0.06888258984489748
1059,0.0756265715143547
1060,0.039105397088102206
1061,0.04216171498334627
1062,0.07187137509281318
1063,0.13677715320200248
1064,0.02736040294564312
1065,0.05916408812078332
1066,0.05528829111640332
1067,0.05051004923595647
1068,0.03831127469569756
1069,0.1748204069485052
1070,0.057935584835311124
1071,0.05582970984336351
1072,0.10312278710586745
1073,0.024262329266418352
1074,0.03695293167389906
1075,0.14949660397003894
1076,0.06771682029406038
1077,0.05112222691365752
1078,0.07614747812286987
1079,0.12422016430090058
1080,0.09203866776795169
1081,0.029634884469821
1082,0.07269446191773735
1083,0.03253290958875189
1084,0.13882367314270844
1085,0.07402316960285452
1086,0.09379097105509254
1087,0.09736896331509162
1088,0.04954958419777743
1089,0.048103787388961525
1090,0.030559997539945337
1091,0.07354810331619879
1092,0.11393628209643356
1093,0.11057834732898005
1094,0.14200814212987586
1095,0.05071641043128206
1096,0.0776270949447791
1097,0.02703752338095007
1098,0.18032730930041926
1099,0.06960367188972277
1100,0.1396819335864924
1101,0.09065837976007117
1102,0.024833971709491698
1103,0.03481467786770697
1104,0.06596356282690813
1105,0.06550212166401795
1106,0.05079286415633903
1107,0.08329337000349374
1108,0.04055754156322055
1109,0.1312116514507161
1110,0.14739479849214568
1111,0.08101317630984217
1112,0.1332931513144246
1113,0.2586940366088015
1114,0.2863054728222217
1115,0.09007029948970102
1116,0.060710411397500864
1117,0.4724013457858579
1118,0.5540601502760283
1119,0.07472664712650937
1120,0.04682567649352472
1121,0.15480265785729064
1122,0.05708681228594216
1123,0.1075683292205041
1124,0.07567462463326805
1125,0.08406619724397157
1126,0.04211594063132347
1127,0.029278662067879702
1128,0.02549768547378887
1129,0.1893613171663435
1130,0.05534927090268214
1131,0.09675189384537845
1132,0.5626057218924865
1133,0.11205108609257858
1134,0.05199057492673996
1135,0.08074848090067108
1136,0.1070766487219334
1137,0.1636326428115023
1138,0.07913130976600022
1139,0.05366061511982992
1140,0.012650322766946198
1141,0.0992976585236596
1142,0.0726716424222365
1143,0.07486967593344271
1144,0.0575564023280142
1145,0.06441265537747093
1146,0.06603325619454248
1147,0.07423047844367486
1148,0.043463408445533924
1149,0.13296419967537587
1150,0.2416704559734527
1151,0.07021563945440278
1152,0.048908246546525556
1153,0.13431978643511
1154,0.07697207934723713
1155,0.09446747519282378
1156,0.13798383703066025
1157,0.1754711906616414
1158,0.04192474424735218
1159,0.01714344544862739
1160,0.05240548670836292
1161,0.03288602164704893
1162,0.08592165167459567
1163,0.1220405054820574
1164,0.0418732540970934
1165,0.07807747735660117
1166,0.04800479734505844
1167,0.14562409199450468
1168,0.048325026121985915
1169,0.06423277021539157
1170,0.03358168357436295
1171,0.05266577492009425
1172,0.040381214287868464
1173,0.08518942460823084
1174,0.07297680227256087
1175,0.058088822482434306
1176,0.06882554599716942
1177,0.06268255844866415
1178,0.12046674923411824
1179,0.2892143177742614
1180,0.1500373135136365
1181,0.06950281636431821
1182,0.09392086383001833
1183,0.06318674547781167
1184,0.09439077454883973
1185,0.13515235365365694
1186,0.11830120358307095
1187,0.11174671965015871
1188,0.046481703362614674
1189,0.03388632582343573
1190,0.0890018971633359
1191,0.07197259961563884
1192,0.14926907556467947
1193,0.1837140433779706
1194,0.08371194999032375
1195,0.12178627722706142
1196,0.05054032450677201
1197,0.0587658772821574
1198,0.07456354051022586
1199,0.08501061084884722
1200,0.22891121445795895
1201,0.06285427312433664
1202,0.04106238050747403
1203,0.045940655004608394
1204,0.06424293601661844
1205,0.14072703015825744
1206,0.01388673353729216
1207,0.09504735988717411
1208,0.027455027732295155
1209,0.08523438425508839
1210,0.0910186342584862
1211,0.10650324690307364
1212,0.08175706796560282
1213,0.2016383864859282
1214,0.0385697325635943
1215,0.10001319817587358
1216,0.03014938931792967
1217,0.09327380841183386
1218,0.039660252480736825
1219,0.17940684206416846
1220,0.08176099394805948
1221,0.028615384136072463
1222,0.08974980995521545
1223,0.05888266337945154
1224,0.027999449603309176
1225,0.14824057827987602
1226,0.05994309343252627
1227,0.03119230987220458
1228,0.06390620950670808
1229,0.11897141681216228
1230,0.029833980621955025
1231,0.051858270475024136
1232,0.03665830535445837
1233,0.05969691927351119
1234,0.04708294336688147
1235,0.0323660331213173
1236,0.11256936228278036
1237,0.04528740819834246
1238,0.02318066305230722
1239,0.10043135345271298
1240,0.03220077413921124
1241,0.05531981946151983
1242,0.19668830252855185
1243,0.0350946904894234
1244,0.029341003851121046
1245,0.10807756975607077
1246,0.13475453738419518
1247,0.08055698183966173
1248,0.0688982236525495
1249,0.1448188780227134
1250,0.09397157571331077
1251,0.2354428224830156
1252,0.5151319734577664
1253,0.1970821097656596
1254,0.02222187459884592
1255,0.10194934701131186
1256,0.07433258891381839
1257,0.04640651028495436
1258,0.041827764026659345
1259,0.05649779381218843
1260,0.09464311803966127
1261,0.04031776435524681
1262,0.17822116919427147
1263,0.09019169852886647
1264,0.030283362575626523
1265,0.04623699007383196
1266,0.04784570315263906
1267,0.03540332717504749
1268,0.07871770245655499
1269,0.14632570959695124
1270,0.0659077836898387
1271,0.10457778980192742
1272,0.18288497292393047
1273,0.04118783066563383
1274,0.06764324669190196
1275,0.04279598689863712
1276,0.10402347721651148
1277,0.039213040615740435
1278,0.12737634230485131
1279,0.09511600010896833
1280,0.09079415600336876
1281,0.045059777485441335
1282,0.05755365092325512
1283,0.04277096611259992
1284,0.0857336859622423
1285,0.0384497395866682
1286,0.022366531190151504
1287,0.08589455493772244
1288,0.05203828671239981
1289,0.08881861103429448
1290,0.22909227193815598
1291,0.02171828954070899
1292,0.04276328066100871
1293,0.044857311553631374
1294,0.06557225268244479
1295,0.07498375201802576
1296,0.15375251875456897
1297,0.055172318024397426
1298,0.06486108094055812
1299,0.019642901119900462
1300,0.149674318933682
1301,0.12420145073185777
1302,0.09909632328364323
1303,0.04679116629225609
1304,0.039712674271390136
1305,0.06421182221373875
1306,0.0726822009957239
1307,0.07375747028541814
1308,0.09284451884295673
1309,0.07976659341534083
1310,0.10288322184821821
1311,0.15043633182379695
1312,0.05797190025122714
1313,0.29928361286483635
1314,0.11007748636615974
1315,0.1302259882517926
1316,0.02612694448875824
1317,0.06427012970504273
1318,0.020092258754026954
1319,0.038460587472757796
1320,0.10913896096411221
1321,0.03346565817756463
1322,0.23746121596488268
1323,0.07434195126614167
1324,0.04930602562474978
1325,0.07373313107379469
1326,0.05787108778955395
1327,0.056325477425658944
1328,0.08272021415132692
1329,0.19597520267705476
1330,0.1332319496046553
1331,0.06983475263195468
1332,0.05663893869104148
1333,0.05562380642578583
1334,0.053185727493790885
1335,0.061320570595472905
1336,0.030956369284659866
1337,0.06850798885630438
1338,0.21822681948230938
1339,0.15547482278030397
1340,0.02464487393703744
1341,0.057563551553682465
1342,0.07780531324671071
1343,0.0452214449757145
1344,0.06130592642827651
1345,0.09592518448354476
1346,0.06699407795308311
1347,0.08606353899895375
1348,0.08691657838223835
1349,0.05419618776721606
1350,0.3482404307036493
1351,0.06637440079711857
1352,0.08667280396926486
1353,0.04277513003629423
1354,0.20603567456714417
1355,0.08864592879080296
1356,0.07968044766888505
1357,0.015513266768737757
1358,0.06023986102907429
1359,0.10534472926403621
1360,0.10908369959516673
1361,0.08408433653557182
1362,0.0706710445713609
1363,0.04919489136890202
1364,0.05853517980586141
1365,0.059758986759284635
1366,0.09969837662390198
1367,0.13468759854023504
1368,0.04443022836336548
1369,0.027004888860846343
1370,0.09978219478377778
1371,0.2108961899774935
1372,0.08818595770165064
1373,0.04725064061046414
1374,0.027760409067724888
1375,0.0815646599502465
1376,0.06600713094063157
1377,0.06312436114324904
1378,0.1829929955131082
1379,0.07636076602538269
1380,0.12327574582500998
1381,0.047476545293059336
1382,0.08276003867826626
1383,0.039541442063592086
1384,0.043580567541981925
1385,0.058098505379013246
1386,0.06761663461121198
1387,0.04892873715018069
1388,0.05749637875979256
1389,0.04922267393539461
1390,0.06104707272783199
1391,0.2906713181171864
1392,0.1270975925590665
1393,0.10997306708769952
1394,0.05213838494077283
1395,0.17794909587206376
1396,0.06146689475643578
1397,0.2509959368711822
1398,0.18816308529907066
1399,0.06226893600440411
1400,0.04661888196273206
1401,0.08293174759428033
1402,0.11385829239722028
1403,0.07921489797970294
1404,0.037163326040067446
1405,0.0742631853060013
1406,0.19016344237838145
1407,0.049575287073906654
1408,0.08330497786559396
1409,0.14111972960642485
1410,0.07050066300167576
1411,0.14040446969143044
1412,0.09149213574096547
1413,0.08333970696748161
1414,0.06720474978100692
1415,0.132505281877606
1416,0.10381584712814476
1417,0.047079454959755795
1418,0.02021067535586581
1419,0.05422663950624598
1420,0.05922044772901604
1421,0.08888879812170417
1422,0.03210014213360472
1423,0.16971724728157608
1424,0.031818565551609015
1425,0.0489160515890224
1426,0.03179200388980967
1427,0.0837369735271235
1428,0.07990366549074299
1429,0.07352531728719428
1430,0.0972040293916257
1431,0.050379662822465233
1432,0.11408990245660687
1433,0.07181662711580808
1434,0.039683099554463044
1435,0.06194281343280811
1436,0.11144951244980206
1437,0.2856410419700716
1438,0.10535498295744797
1439,0.07172101770670558
1440,0.104426829335444
1441,0.12339956181117938
1442,0.07463560087942782
1443,0.12622801274012507
1444,0.1834526641658695
1445,0.1289550757097608
1446,0.04752761105207888
1447,0.1268620615476686
1448,0.028305360739804927
1449,0.048121710160957086
1450,0.09266319727044897
1451,0.07575514066545343
1452,0.06130833824152537
1453,0.07397876004259607
1454,0.1702017410804027
1455,0.043740868077133774
1456,0.044026921695600074
1457,0.12865086854493807
1458,0.1058495985867365
1459,0.28544765954449597
1460,0.05670576837413801
1461,0.042185318452219484
1462,0.02663052831972075
1463,0.08353840378927924
1464,0.06106786148599688
1465,0.0444398759406866
1466,0.10212001924256545
1467,0.10191215248668625
1468,0.15189745414416572
1469,0.03150905294363756
1470,0.09711724125391731
1471,0.0731000668439614
1472,0.06984384433988912
1473,0.0576568686829905
1474,0.05030139846055224
1475,0.1326910721149326
1476,0.06733602110221498
1477,0.04084666058015419
1478,0.05905601010670655
1479,0.053253957482223384
1480,0.05244805853342263
1481,0.07739809948544822
1482,0.050932465413796896
1483,0.05197903505018203
1484,0.10439612646890613
1485,0.1320713938660841
1486,0.04839828999961322
1487,0.057748303172396674
1488,0.24141792921454214
1489,0.05565920597187447
1490,0.08123023630339497
1491,0.04186397739466417
1492,0.04039842569090138
1493,0.06884110996960208
1494,0.008312114762168293
1495,0.06745523097824467
1496,0.1389165934152943
1497,0.032337471418162365
1498,0.06997646721616849
1499,0.043969286315414476
1500,0.09580020912916451
1501,0.04972586472320008
1502,0.07588469356466551
1503,0.024747769048524784
1504,0.08668175012594218
1505,0.10504058296387353
1506,0.12699872824583824
1507,0.039684559304909175
1508,0.05056877041861814
1509,0.06323331308445981
1510,0.056906556963196214
1511,0.031549386646375646
1512,0.15168031561697928
1513,0.06950293235024424
1514,0.02210916830384723
1515,0.04007464432758583
1516,0.01649871188922169
1517,0.04235491304165216
1518,0.0363120048444483
1519,0.10024440850813912
1520,0.10402415422949339
1521,0.04298444522615625
1522,0.21203721398956
1523,0.22286945015652646
1524,0.09526175154269013
1525,0.08032025761096345
1526,0.18703056168666712
1527,0.08888518203162754
1528,0.04725516329906239
1529,0.08876818817252849
1530,0.051945681751910784
1531,0.08163580545349512
1532,0.06680111621461265
1533,0.03758772385381263
1534,0.03075970247919473
1535,0.06833422748194229
1536,0.10727508223218798
1537,0.060463362234695436
1538,0.1617664768556067
1539,0.02858241495823023
1540,0.006936217544231252
1541,0.029791298359403605
1542,0.08024142364365987
1543,0.10777764825953243
1544,0.057291935536211126
1545,0.10797848074240166
1546,0.02706557736403302
1547,0.045454738061126015
1548,0.05530206557244519
1549,0.21105608335175224
1550,0.06705752894545523
1551,0.029050574053134843
1552,0.06119723555122006
1553,0.04651560343071087
1554,0.07746980846730091
1555,0.13191444937948252
1556,0.44798725959357316
1557,0.1558153959820389
1558,0.09299176528197922
1559,0.08533233525783145
1560,0.07162261302730605
1561,0.0920513743432755
1562,0.039416327526955924
1563,0.06346142919354172
1564,0.21303381163360138
1565,0.19158055157662704
1566,0.08856456483594934
1567,0.037095830115578814
1568,0.009445258829058526
1569,0.03840344637657936
1570,0.09677879341370049
1571,0.05519147096486708
1572,0.15533244257441786
1573,0.08987082971652752
1574,0.09212450118958615
1575,0.05399584562663129
1576,0.12893732629562205
1577,0.011547577122008256
1578,0.04697668933286249
1579,0.2221767452327687
1580,0.12332631946358998
1581,0.07647028429946559
1582,0.05979049980585628
1583,0.06544780988125565
1584,0.07796937715830035
1585,0.03656071983569826
1586,0.14440072288927044
1587,0.08607306768238773
1588,0.061789818160654736
1589,0.12501856486120294
1590,0.1149136573333186
1591,0.022748346296296185
1592,0.041858468692955744
1593,0.08104745750910006
1594,0.0943364697723891
1595,0.03970722305350294
1596,0.057816310829433025
1597,0.0954335295999223
1598,0.08023708346270622
1599,0.086919539561395
1600,0.0864400191261021
1601,0.05311607368896483
1602,0.09331957948081782
1603,0.09914501407513553
1604,0.08000067748202028
1605,0.1549192592899136
1606,0.0728638328594581
1607,0.029848449318732886
1608,0.08387964491509867
1609,0.059571194341079506
1610,0.15548782645036854
1611,0.043355410291573214
1612,0.03475268573752469
1613,0.3820992935389127
1614,0.14590054921425658
1615,0.024369435007823344
1616,0.09389626737162779
1617,0.06838309595584456
1618,0.0354990805715702
1619,0.056454737531996604
1620,0.06909235172465641
1621,0.11394466579660611
1622,0.060677279706226696
1623,0.07744333514996213
1624,0.04549311509808664
1625,0.07711174857347643
1626,0.04121809043248412
1627,0.030171025625546445
1628,0.06439834825944703
1629,0.1450145174569897
1630,0.07858228935259506
1631,0.19899075231445723
1632,0.10825810843060973
1633,0.03582825190090061
1634,0.06313023892322259
1635,0.056001759383752056
1636,0.1704648230148264
1637,0.08064896361100993
1638,0.09087559873010391
1639,0.08184645894888257
1640,0.23535690374016516
1641,0.10813362991521423
1642,0.15283881424874368
1643,0.06894619600742036
1644,0.10459756465768569
1645,0.041327117155309796
1646,0.08083226037120107
1647,0.16127409340057638
1648,0.04221857291357638
1649,0.12306967997749017
1650,0.07833554333178927
1651,0.09352870470358776
1652,0.3743415578547904
1653,0.05578073352045993
1654,0.0405488370082828
1655,0.07207098516287264
1656,0.18379966012921492
1657,0.09689177168173269
1658,0.08822039902011708
1659,0.048273340966340575
1660,0.08961458652621342
1661,0.04637327409418856
1662,0.07852954878553747
1663,0.03281659446448263
1664,0.10015047698058538
1665,0.05086991170788108
1666,0.09727112478025271
1667,0.30912981167891734
1668,0.08401721355931321
1669,0.05555126383060657
1670,0.06070621487464392
1671,0.04426057184923674
1672,0.060645793985991674
1673,0.0863321840938122
1674,0.06942709287270649
1675,0.09932771631012435
1676,0.08720709323603128
1677,0.0661287439203157
1678,0.027744497564559885
1679,0.06031561209744915
1680,0.06605620241786529
1681,0.0715416593796634
1682,0.031514093465857256
1683,0.24734330319184572
1684,0.12923574376623964
1685,0.03908326212401169
1686,0.2222716569769866
1687,0.15701871548375304
1688,0.05467131059457589
1689,0.04856102890323539
1690,0.017523080094107316
1691,0.04258058776117818
1692,0.07416464687549346
1693,0.0240538103070271
1694,0.265972195694671
1695,0.04679197134715281
1696,0.054026070725333455
1697,0.15707291418310407
1698,0.06638662046275029
1699,0.021303558763315963
1700,0.24414355042574126
1701,0.04537590299199251
1702,0.09582097877854445
1703,0.30617466067732263
1704,0.042445487056351594
1705,0.04482978486586346
1706,0.11522310877254835
1707,0.0863773925132463
1708,0.059494485810212695
1709,0.021431319408181077
1710,0.19587439286680447
1711,0.06546169546691646
1712,0.07613809160585575
1713,0.09809713775200647
1714,0.08511944329306079
1715,0.07026307406179672
1716,0.08914923204193975
1717,0.025147444952918846
1718,0.07289142045118373
1719,0.05047382389920829
1720,0.05206083088985706
1721,0.049453345725652485
1722,0.13410903349207792
1723,0.05035469223683382
1724,0.12740065779751758
1725,0.05834768049325704
1726,0.14650975027518442
1727,0.10800754134839302
1728,0.06604386789334604
1729,0.040076856963945404
1730,0.055721921029118465
1731,0.07493304613506016
1732,0.07183037250139572
1733,0.06202828109548468
1734,0.04554233532803233
1735,0.045052515003315266
1736,0.11202178056947633
1737,0.11522313005933224
1738,0.0976210915581257
1739,0.037385280019802763
1740,0.10625494442434233
1741,0.11366633639137413
1742,0.14130689228972948
1743,0.09059960643501955
1744,0.042791586742108076
1745,0.06215907239474574
1746,0.04238820465193992
1747,0.04581987395922079
1748,0.10734323765542267
1749,0.06142414789780147
1750,0.22769945370676908
1751,0.03926904486155933
1752,0.1331841582741995
1753,0.19164484110879776
1754,0.10505413624773766
1755,0.051437440763310395
1756,0.07289843672323962
1757,0.14187469124052016
1758,0.06601386202274323
1759,0.13746560834452234
1760,0.08442397347041758
1761,0.036959997417260526
1762,0.07943908088288715
1763,0.06426507842686649
1764,0.03909133493051746
1765,0.09561041531307299
1766,0.06127477160930016
1767,0.07944378574619507
1768,0.09761834163446771
1769,0.1334520859212632
1770,0.04589804411876375
1771,0.07135841092976976
1772,0.04048679123831901
1773,0.021382746191627354
1774,0.07918567258743345
1775,0.31969033209885633
1776,0.027839623692510446
1777,0.09614341857477025
1778,0.021729465600164716
1779,0.08740341966889238
1780,0.058778647533738626
1781,0.022728848229298368
1782,0.03782278713184838
1783,0.033289276748021686
1784,0.07358014249548482
1785,0.04375086764044066
1786,0.15531707770450093
1787,0.0001634864725002863
1788,0.05711178823745347
1789,0.03243328162778906
1790,0.04447552120885393
1791,0.09290308633532482
1792,0.09487617610128218
1793,0.21472747205028211
1794,0.11409218922056413
1795,0.06921531615459563
1796,0.025891834665800768
1797,0.10828893137169823
1798,0.044438777592361305
1799,0.12746629890072125
1800,0.08192815101099007
1801,0.06092258165328568
1802,0.0640082636971496
1803,0.05425188315962652
1804,0.10391804130845916
1805,0.05127085792021891
1806,0.07769274095705292
1807,0.041961946827036606
1808,0.06111660009379921
1809,0.016507515622520286
1810,0.1572922671404665
1811,0.03711551704737649
1812,0.0488100368526673
1813,0.07231884695723234
1814,0.4702322018638016
1815,0.0763441904967133
1816,0.0930179058231955
1817,0.061825508704918375
1818,0.12324802422176442
1819,0.18443220242797825
1820,0.09687269669917789
1821,0.05811971774660875
1822,0.09391447082024128
1823,0.0599315438129192
1824,0.028780606537320362
1825,0.04855449981962284
1826,0.05553716941079441
1827,0.08716821338536974
1828,0.25592291240939813
1829,0.08907329650284229
1830,0.18000660084531453
1831,0.10690219554715422
1832,0.07173427540685971
1833,0.25781656917342005
1834,0.02598274826009149
1835,0.09091856292048936
1836,0.06602286248519258
1837,0.32118662972345396
1838,0.14516128775968964
1839,0.1571530735818224
1840,0.2980215854342523
1841,0.08995487150257217
1842,0.27618975031155457
1843,0.18813303746700108
1844,0.03723976645564171
1845,0.080486177914648
1846,0.0200469938999617
1847,0.14386516092868765
1848,0.04911219933480542
1849,0.061070604644652124
1850,0.1702736835486806
1851,0.1398715082166201
1852,0.057965216240696074
1853,0.041728880968721946
1854,0.09002229573023329
1855,0.08105751078597903
1856,0.06297441218778954
1857,0.09035608611534662
1858,0.15265539520354737
1859,0.06828750702284911
1860,0.0702037895700193
1861,0.31727028942605107
1862,0.052802107796356294
1863,0.07009095342523848
1864,0.12309479689542735
1865,0.07739904099052672
1866,0.033859863866627385
1867,0.07664391192738709
1868,0.04452996373058922
1869,0.05610419263726451
1870,0.034470219090641845
1871,0.06630490607196973
1872,0.03680771764946217
1873,0.2343650945739521
1874,0.0692225405892064
1875,0.14718509987440148
1876,0.15624488295622757
1877,0.08405639266822909
1878,0.14724596222154823
1879,0.20482461062782967
1880,0.12059557829621015
1881,0.0660416576458623
1882,0.30429785846617263
1883,0.0518340343622384
1884,0.27392541240731644
1885,0.08880640357240088
1886,0.2283314190823497
1887,0.05548944281756995
1888,0.04146903454299854
1889,0.07462752978805104
1890,0.02814888267533401
1891,0.21132462888858305
1892,0.09528157325597131
1893,0.08271003224383316
1894,0.08782392906716002
1895,0.28625558262999246
1896,0.18695424603087354
1897,0.038780506523576966
1898,0.040716800841586284
1899,0.04290773915882359
1900,0.06431595964935487
1901,0.04946573518781651
1902,0.10014060015384067
1903,0.048992448391861364
1904,0.05451855475571562
1905,0.07155234162103481
1906,0.026544362309853724
1907,0.06333263289647087
1908,0.03350144885199388
1909,0.05172971285685815
1910,0.05816186387513744
1911,0.0945359768890604
1912,0.08004232462133888
1913,0.07510601921114864
1914,0.05900793711741722
1915,0.09138125269946369
1916,0.06427002465631095
1917,0.3295017338003623
1918,0.10798994880893945
1919,0.03688128107755665
1920,0.06332085548104661
1921,0.0774044426521698
1922,0.05531925107627361
1923,0.05320609195891658
1924,0.01645747436855121
1925,0.23725821445908674
1926,0.09327461861449385
1927,0.048721296157501204
1928,0.08725968664657965
1929,0.020516662182959756
1930,0.09456276064187645
1931,0.20533719617875246
1932,0.15460626554259788
1933,0.06357766132078269
1934,0.018323963829854902
1935,0.10358810883511517
1936,0.04912346580973281
1937,0.0879060186730771
1938,0.1033476912371098
1939,0.04232205365607623
1940,0.16048487110763454
1941,0.08383303839572265
1942,0.037766668425973995
1943,0.13289381513029427
1944,0.2694911885567346
1945,0.02947504269526311
1946,0.11816452829647339
1947,0.2582127282891802
1948,0.09345567734755397
1949,0.12502664339194658
1950,0.06295588072918568
1951,0.16079002506333587
1952,0.0742812107412079
1953,0.23316473021352024
1954,0.1470629040398096
1955,0.09475297753073691
1956,0.031274100633210206
1957,0.10398854987919069
1958,0.06337822118622177
1959,0.16497566140603087
1960,0.06756619907481337
1961,0.03202105635611837
1962,0.05834191943078818
1963,0.08044871335659715
1964,0.07684688464221216
1965,0.0357399486710324
1966,0.056028427012322086
1967,0.04765271664114095
1968,0.07448440661422538
1969,0.08299607277522397
1970,0.09185439679790941
1971,0.03935800117399114
1972,0.042168937899836556
1973,0.08042237015020842
1974,0.1279723521552933
1975,0.0913677122345754
1976,0.08574885357494148
1977,0.08867315582742707
1978,0.12872047216581667
1979,0.053067341617300194
1980,0.053180212524971675
1981,0.07144238027039577
1982,0.052902892959553985
1983,0.1792895991174716
1984,0.098603741119975
1985,0.07224572129889872
1986,0.048298015868090266
1987,0.047651963068682225
1988,0.0555573031396711
1989,0.04662928237696788
1990,0.047405864854526705
1991,0.02391928893998581
1992,0.16754559988015794
1993,0.3507762983425844
1994,0.059071668506765956
1995,0.029228398661337966
1996,0.24241369327516615
1997,0.11477984762955042
1998,0.10522074603723444
1999,0.45030294254397046
2000,0.02132446537239778
2001,0.13974250224367307
2002,0.05890640637807339
2003,0.20508081359350677
2004,0.07075111962234903
2005,0.16936007734244712
2006,0.11458183870805945
2007,0.09211069868574268
2008,0.27010467336621186
2009,0.08226341861061784
2010,0.08303387264965897
2011,0.0768543712335957
2012,0.16772931348853304
2013,0.09778949273189029
2014,0.1347796782130615
2015,0.252154219063345
2016,0.06993305573691956
2017,0.06598285698087689
2018,0.030296312020818048
2019,0.05337320476228434
2020,0.02854690879099038
2021,0.29173841966547387
2022,0.1432925115807006
2023,0.13316555941046934
2024,0.12097099928757199
2025,0.1530216862721968
2026,0.055417719287574545
2027,0.1803833371930587
2028,0.0634227367824562
2029,0.26339343274799587
2030,0.04213717932099213
2031,0.1563927703574401
2032,0.09818554279190747
2033,0.0547726340489215
2034,0.1865521305033648
2035,0.2088481703188353
2036,0.034083125005820024
2037,0.051736713921664415
2038,0.06947647653146763
2039,0.06661278158847558
2040,0.10225871984952219
2041,0.044220740910132644
2042,0.09704353127183823
2043,0.04399457991475789
2044,0.08038284886494064
2045,0.09626262959078136
2046,0.02328467555638941
2047,0.10401378812827017
2048,0.11345837239299125
2049,0.18165666159628177
2050,0.06647133697322644
2051,0.068441548184492
2052,0.07377547055748726
2053,0.1894297875566023
2054,0.05095872135438595
2055,0.030186126056449415
2056,0.16169964305868048
2057,0.1346269729975565
2058,0.0812368224170951
2059,0.14180322898815448
2060,0.12929866982162752
2061,0.02354620760155709
2062,0.03355011343194395
2063,0.061573209640795094
2064,0.0792098247585176
2065,0.07688534411454388
2066,0.08190282969324647
2067,0.06178192903815448
2068,0.025762334832949048
2069,0.08151258635207848
2070,0.0
2071,0.07006185777419349
2072,0.0577563762904202
2073,0.018521654270948155
2074,0.04354464673175088
2075,0.0378103802941168
2076,0.11574935241404877
2077,0.046311752931685386
2078,0.04898848532970857
2079,0.06985124498699186
2080,0.06640810777934314
2081,0.10536094226951018
2082,0.06337091932015362
2083,0.08049950491149521
2084,0.2587308868173593
2085,0.04976799014576447
2086,0.12245954088262602
2087,0.056209212505753246
2088,0.08017775858131382
2089,0.026470941365203074
2090,0.061311499603957945
2091,0.017725772847656657
2092,0.0966480381152445
2093,0.02749330497053869
2094,0.058308171211954744
2095,0.09634300039321199
2096,0.05579015116741934
2097,0.0262691835763547
2098,0.18708018226865064
2099,0.0367933589880797
2100,0.04887347691611438
2101,0.03155067023193392
2102,0.13411285921628657
2103,0.09070612472262443
2104,0.0520984790409593
2105,0.022162187737745927
2106,0.039347870943258326
2107,0.2712916436616932
2108,0.09878308746143907
2109,0.14722465172667126
2110,0.11374707297031217
2111,0.1061210495506659
2112,0.060812858033410855
2113,0.0512696400952109
2114,0.15928870407132442
2115,0.07492189655650361
2116,0.05211780901588922
2117,0.19532950353369158
2118,0.11286542176321937
2119,0.05306216296086366
2120,0.15486659529838656
2121,0.12093143432400127
2122,0.08192724511448515
2123,0.0688885670883998
2124,0.06613524817232022
2125,0.08323213878020211
2126,0.05970815073646882
2127,0.05426243746323824
2128,0.06474714725829625
2129,0.06698455893850529
2130,0.10620392033735877
2131,0.10099530558624067
2132,0.06537198152042459
2133,0.052216174446693124
2134,0.03747969838341493
2135,0.050992092666367825
2136,0.07886420048537991
2137,0.05638355261253934
2138,0.09281304234676775
2139,0.06479927278359127
2140,0.10029072009772225
2141,0.20357764082536273
2142,0.034139093014952646
2143,0.1001959349178714
2144,0.08450874823011728
2145,0.041602316266145176
2146,0.07331043302278367
2147,0.07011850621699914
2148,0.07539648791437784
2149,0.15572540420021674
2150,0.07688791973056408
2151,0.04892992412962884
2152,0.0670335105420641
2153,0.13678615531128596
2154,0.06746104761266085
2155,0.10064639765886449
2156,0.0896520049897416
2157,0.08829961704105509
2158,0.07096277974198363
2159,0.05230191969345471
2160,0.07826193647084634
2161,0.07796300668906224
2162,0.12362195103602133
2163,0.07524359349920115
2164,0.056026951001518735
2165,0.03212742310757293
2166,0.061369234070542324
2167,0.14960015653775413
2168,0.03369927485772439
2169,0.07943372887591746
2170,0.03749011408951202
2171,0.07092497889174582
2172,0.2978987082687926
2173,0.07817343721425443
2174,0.024869857120739157
2175,0.10307190509997273
2176,0.09099575116849143
2177,0.16835662310430627
2178,0.09695239468263286
2179,0.13586700479732958
2180,0.04832833478246988
2181,0.08164518974152996
2182,0.11572206704927467
2183,0.041887269393913684
2184,0.048016947045095196
2185,0.021653785262584522
2186,0.044009589539151156
2187,0.06164845744175808
2188,0.07527158026019656
2189,0.15063612250239486
2190,0.06601302591252808
2191,0.2972607705456075
2192,0.09039561459745567
2193,0.1678158626080113
2194,0.06501228522237004
2195,0.06309390926321606
2196,0.07136613006147544
2197,0.1961252950429444
2198,0.03907072561646091
2199,0.05425706110638933
2200,0.051064801356517475
2201,0.07588494628080235
2202,0.06794504020311201
2203,0.0871793929695916
2204,0.22364934224702668
2205,0.06651404196302434
2206,0.09018424903441102
2207,0.04425367446669757
2208,0.1602503728432742
2209,0.05266184992197206
2210,0.12045880889273393
2211,0.08004198683631565
2212,0.07211778604226489
2213,0.29169415641200663
2214,0.039297902526725395
2215,0.05705770693316458
2216,0.047484921964576515
2217,0.03087402755084614
2218,0.068731678493617
2219,0.02242784864146068
2220,0.08048915748738102
2221,0.08712553807448593
2222,0.12324126166459667
2223,0.05964312523543785
2224,0.08703995640639343
2225,0.05820160168410938
2226,0.06027394818254647
2227,0.0437759802365722
2228,0.06685278302371997
2229,0.46823199444321295
2230,0.2626348590054304
2231,0.048634566380932276
2232,0.15707696085454936
2233,0.11907962090253922
2234,0.021293772648358383
2235,0.0739003790278482
2236,0.066293682778623
2237,0.08466723406831647
2238,0.030906276365649576
2239,0.1178097337311893
2240,0.04775739538124741
2241,0.044934017035619916
2242,0.09812153908956703
2243,0.07047465422613931
2244,0.0355750540541932
2245,0.09109383924545122
2246,0.07272755694241977
2247,0.054635245640824136
2248,0.04693126061318842
2249,0.021186324344830813
2250,0.37504139713789436
2251,0.09715357840743857
2252,0.0551138231954858
2253,0.0740404586650097
2254,0.02929666456055216
2255,0.07703280873877467
2256,0.07772981828986125
2257,0.060825906083124076
2258,0.09078705199766138
2259,0.07756461768098787
2260,0.07727916733453019
2261,0.12136661548705502
2262,0.16235164536587662
2263,0.08270996167952346
2264,0.0596523776645664
2265,0.0794861029333776
2266,0.03075700284869344
2267,0.1348911878282147
2268,0.11713369651869464
2269,0.05605348469821639
2270,0.12849611130036614
2271,0.03922593803010209
2272,0.05733308482969519
2273,0.03744712599237461
2274,0.13797231466886073
2275,0.1259986832212572
2276,0.18824325155860183
2277,0.0571231445667851
2278,0.061653886655989185
2279,0.19058068465714575
2280,0.029873431575565976
2281,0.11833599940693645
2282,0.2774170850028827
2283,0.03464828064079305
2284,0.9960512281087459
2285,0.0833822589719117
2286,0.11430484282944015
2287,0.03587197550255039
2288,0.04953571883732587
2289,0.07814240009001261
2290,0.061029959084506355
2291,0.13829996240703363
2292,0.0524922188907279
2293,0.07383645123130966
2294,0.013734284543569748
2295,0.10090793806202224
2296,0.09415343465131065
2297,0.0976390151161567
2298,0.07233535846838451
2299,0.21014009475009887
2300,0.04981258879007089
2301,0.11389789709506817
2302,0.05937478734151991
2303,0.03546052945607592
2304,0.13615103768000594
2305,0.051226311755325715
2306,0.06996620793611305
2307,0.048715408283458835
2308,0.15802942061847908
2309,0.037783086951595816
2310,0.05178054588367674
2311,0.07277120727975536
2312,0.07334323399938789
2313,0.2376241901862652
2314,0.14515154625654764
2315,0.21794966894686546
2316,0.045729657512138394
2317,0.1118312172178636
2318,0.03734528185819541
2319,0.10022044581723827
2320,0.036638926200026845
2321,0.0563660102609114
2322,0.11430969619585601
2323,0.04590277568337021
2324,0.07245786823630392
2325,0.1830671679697526
2326,0.07894434225790908
2327,0.14928475614719955
2328,0.016346682084491963
2329,0.0320775816465835
2330,0.21739446378365526
2331,0.3923578641473395
2332,0.06603624770174671
2333,0.07307764462780472
2334,0.15958220201008527
2335,0.06884473668023977
2336,0.06208258500982771
2337,0.04750842178436027
2338,0.02427528609566285
2339,0.08287599356280267
2340,0.03527827360621595
2341,0.0881352772311709
2342,0.0943965340343435
2343,0.1475699292264486
2344,0.06534985221275047
2345,0.08488490050652775
2346,0.11374584010690963
2347,0.10603144025664822
2348,0.2704692544494308
2349,0.13491639422066937
2350,0.094073376009745
2351,0.3007228279153029
2352,0.02943047354052732
2353,0.03755348953841455
2354,0.04382517674990562
2355,0.055126394249197894
2356,0.210448975623979
2357,0.039827148762999295
2358,0.030911781766228566
2359,0.03148960920775767
2360,0.0325631028309517
2361,0.0368162849902515
2362,0.0412032434145046
2363,0.056696616750678705
2364,0.10490573625795144
2365,0.0781407842970851
2366,0.09209997368218764
2367,0.31936988126061294
2368,0.1666844285593178
2369,0.0682776849672092
2370,0.2867089009997469
2371,0.07866180489064047
2372,0.07252815150671096
2373,0.1819750645517355
2374,0.09441898911058827
2375,0.05865052818763926
2376,0.11273364701124627
2377,0.32327034997412185
2378,0.036175404465187654
2379,0.05567510479493702
2380,0.11188970097396936
2381,0.08815050247623471
2382,0.16480035044325775
2383,0.12117528202885003
2384,0.1387220805929189
2385,0.08223300650524007
2386,0.07249483060992
2387,0.031399422857183716
2388,0.057047267216016335
2389,0.07659349059317508
2390,0.10070704608453829
2391,0.14274933149211094
2392,0.09625240049478868
2393,0.09568794557168131
2394,0.15745601975527776
2395,0.33034755555783596
2396,0.04570013220613132
2397,0.0733686220937567
2398,0.06219423378889451
2399,0.07508776502713138
2400,0.045368123243768675
2401,0.041539018763006426
2402,0.09661829690269066
2403,0.14011765469344714
2404,0.1135355895799628
2405,0.07029620223608127
2406,0.03058894381145581
2407,0.061771577536172996
2408,0.038684038429888726
2409,0.12109823137201861
2410,0.7260536513912285
2411,0.18675573826797764
2412,0.082266015534237
2413,0.10440860038508482
2414,0.08767116868487951
2415,0.0568187513434036
2416,0.0995268480859311
2417,0.28703854565396986
2418,0.044099918799136176
2419,0.11777455834017313
2420,0.09149252043241776
2421,0.10541894136859295
2422,0.07001319296671996
2423,0.23827045509946423
2424,0.10525255273854138
2425,0.05006648664015791
2426,0.021823718496494653
2427,0.05678279410108124
2428,0.10165350243320972
2429,0.09718838731274207
2430,0.042337597562818415
2431,0.03183364207027688
2432,0.03888366801131081
2433,0.04984324856978271
2434,0.16853172763833307
2435,0.04390540158773644
2436,0.07875788469654081
2437,0.0484416840204578
2438,0.07399167674341789
2439,0.36002345508559275
2440,0.2879221815539003
2441,0.06355914977428158
2442,0.2499566395319312
2443,0.13829619494424877
2444,0.059663257072419026
2445,0.09571421893566029
2446,0.0688713541027834
2447,0.05544254199620377
2448,0.14478262282905507
2449,0.050987547056843344
2450,0.1281068112493517
2451,0.028150089170525812
2452,0.03651680811832053
2453,0.19556705297478277
2454,0.05392839902779581
2455,0.047739707502956016
2456,0.1670330382067548
2457,0.043642924233769684
2458,0.047149146216437454
2459,0.09290627071759508
2460,0.14470533405843125
2461,0.053069883191020996
2462,0.10108418577987316
2463,0.048136744856160776
2464,0.03059587790756189
2465,0.23283613380924578
2466,0.1218482941965241
2467,0.03302883991757591
2468,0.05070331501951919
2469,0.08299623492872236
2470,0.05094622155636159
2471,0.034504246498835225
2472,0.08953935132011044
2473,0.11206289050424692
2474,0.07604302978039251
2475,0.08721689099584069
2476,0.1283505596806024
2477,0.14235465238149397
2478,0.12307118538642163
2479,0.09211606987850299
2480,0.1280553963916884
2481,0.053699552907486514
2482,0.06852937612751525
2483,0.053176240728672566
2484,0.08038160486290653
2485,0.1161006150449166
2486,0.051596447927711814
2487,0.24816351148056404
2488,0.2889722132230029
2489,0.044974060159012286
2490,0.1966471674908255
2491,0.11680865982805849
2492,0.09338368729705743
2493,0.10743951856317599
2494,0.04054732797984644
2495,0.04380551925987932
2496,0.20695832464564434
2497,0.0613194938064471
2498,0.03665513370449891
2499,0.062269138365497176
2500,0.08527541317497239
2501,0.07358806672399658
2502,0.056462750341628606
2503,0.05887042939508595
2504,0.036510232720639316
2505,0.10228255785694498
2506,0.07632244356268279
2507,0.063674346462846
2508,0.07909930849853566
2509,0.12574984539032127
2510,0.04228151677849133
2511,0.047546035391412
2512,0.07100672188846141
2513,0.03612262110601029
2514,0.10710862551107936
2515,0.053981031970888445
2516,0.09811900134756932
2517,0.05358386697476773
2518,0.04262195473132152
2519,0.1129173579573829
2520,0.07558343244665058
2521,0.051417106387293264
2522,0.04910232699949832
2523,0.07863995136689161
2524,0.10193792065119517
2525,0.05998168412625626
2526,0.03140892635252387
2527,0.04375192442515895
2528,0.053357195144353095
2529,0.041917032967998286
2530,0.07951951881213007
2531,0.03769682533498421
2532,0.10501705727982265
2533,0.07860036490394251
2534,0.2667755610137653
2535,0.040702198420699345
2536,0.03507341305900039
2537,0.04608140953201182
2538,0.01231579669569695
2539,0.03617845896976751
2540,0.09554503438541034
2541,0.12045037684600585
2542,0.07862699789603525
2543,0.08980859590239451
2544,0.16847953678574454
2545,0.14370611272670902
2546,0.47062860288662284
2547,0.14630836324518506
2548,0.04151817487591194
2549,0.022825070953569553
2550,0.04555128445163036
2551,0.030135217128130044
2552,0.060471040501485045
2553,0.08600278047299084
2554,0.08768921153375558
2555,0.10340361270110013
2556,0.08172190780186067
2557,0.10768615420129277
2558,0.1097325802198446
2559,0.06454222539593774
2560,0.04602584875256332
2561,0.027301167847496845
2562,0.043990735368372405
2563,0.03948874536444165
2564,0.06819167177341896
2565,0.0619161508943929
2566,0.1337483796105042
2567,0.06051092626390106
2568,0.05834347490779096
2569,0.06457106160514145
2570,0.07788598408087866
2571,0.07971084748070818
2572,0.04517160477279979
2573,0.07086518549955577
2574,0.011334832215893934
2575,0.1031330762087763
2576,0.06733292853431949
2577,0.09421012007422228
2578,0.029293808774585792
2579,0.05295130477242435
2580,0.03713591156064279
2581,0.113150864914234
2582,0.10193324892496468
2583,0.05225096478407512
2584,0.11885743571875634
2585,0.017943674943549228
2586,0.09159722860573144
2587,0.06626659783057143
2588,0.08783182328744447
2589,0.2204508548002745
2590,0.03074693350867619
2591,0.057774923872042215
2592,0.14160005062306497
2593,0.05106469761969565
2594,0.08999902997746681
2595,0.06613692162953136
2596,0.08605874539578647
2597,0.06716683226386587
2598,0.05210871637133868
2599,0.07087441856025785
2600,0.2809595850944775
2601,0.14667244630312523
2602,0.09056184266688783
2603,0.0715626079365795
2604,0.1131883539427645
2605,0.20787858054895295
2606,0.03612393947758144
2607,0.07798830956928893
2608,0.07341313005251413
2609,0.1072313212971913
2610,0.06830055591935999
2611,0.08876549982349699
2612,0.0710528147405125
2613,0.08295216874128222
2614,0.08713395898596515
2615,0.05574322679961301
2616,0.08678425622093115
2617,0.051433883368476055
2618,0.07936232313690716
2619,0.07244557845142133
2620,0.075285442391686
2621,0.09205600258387633
2622,0.038387691630194475
2623,0.06114119600120417
2624,0.03815943982957236
2625,0.07659909088643946
2626,0.09860713648405596
2627,0.036465442492729705
2628,0.03434217147364228
2629,0.08481031777297818
2630,0.03187736697902374
2631,0.09114108015868083
2632,0.043182668719482904
2633,0.07246586017065092
2634,0.05953845046514303
2635,0.09183302538945697
2636,0.06084174066868182
2637,0.06053392048772445
2638,0.16385696099106012
2639,0.027868171370290747
2640,0.03920955362041055
2641,0.1182104072625091
2642,0.0922554696362558
2643,0.09085307049240131
2644,0.22873914546376192
2645,0.12167168422626372
2646,0.035841402572553395
2647,0.0691184251018413
2648,0.035434981368294496
2649,0.12653576267129912
2650,0.06924346406293307
2651,0.14772211062065055
2652,0.04337689341983528
2653,0.14203582536036952
2654,0.05130117892025073
2655,0.07855780351936367
2656,0.454458859064318
2657,0.11117368617828723
2658,0.07225771604183354
2659,0.16460613498866844
2660,0.10043088778734813
2661,0.044340681317011896
2662,0.045898291427334384
2663,0.05709830049042208
2664,0.07237479237676737
2665,0.12736431322445155
2666,0.046385695226594206
2667,0.0962230947858514
2668,0.06113945147019632
2669,0.09913623405500521
2670,0.22026376041196324
2671,0.035237983221823935
2672,0.05992739754530503
2673,0.04489999354333635
2674,0.09745500073146551
2675,0.08452298152935193
2676,0.07008307377456582
2677,0.04382105569605066
2678,0.4476011203324789
2679,0.026591015068798168
2680,0.10444512080497778
2681,0.057026756672875746
2682,0.045016981617539184
2683,0.05221813135244923
2684,0.15832957298915654
2685,0.09535318752140173
2686,0.058849702876522775
2687,0.10709639562293477
2688,0.08904916722086029
2689,0.0360906550667089
2690,0.0969351496704581
2691,0.056174049521751854
2692,0.0786103137197385
2693,0.09398249788082005
2694,0.0563924483059831
2695,0.09930480979141541
2696,0.03824885460542428
2697,0.026100068280099767
2698,0.42145972866983983
2699,0.05295837043866673
2700,0.06602971146201547
2701,0.11575960420209694
2702,0.22455759243866188
2703,0.06115649327164627
2704,0.09531287994982456
2705,0.017990253155509728
2706,0.13563663482251884
2707,0.06351725401995278
2708,0.035752899803135466
2709,0.06885131255105519
2710,0.061366226902817025
2711,0.08790445250483998
2712,0.3464615441045403
2713,0.106373435533189
2714,0.06518790181309403
2715,0.07350180805612531
2716,0.09559495067694629
2717,0.04281400038519017
2718,0.0549871685603736
2719,0.046216894413382
2720,0.02649475005533496
2721,0.028252235161885464
2722,0.03487890748990956
2723,0.09107907863214376
2724,0.04556436006920275
2725,0.04878383672041191
2726,0.08044491474836989
2727,0.034686084381485224
2728,0.03326647973811094
2729,0.07160649226524657
2730,0.2957128555857426
2731,0.5230846442103153
2732,0.03092985237823035
2733,0.029764752337411854
2734,0.052318916446364855
2735,0.08105407228722059
2736,0.1777239089726739
2737,0.16079411244316466
2738,0.10220972005456991
2739,0.11521449855649624
2740,0.39683002616187973
2741,0.02365745057971062
2742,0.12666934845122876
2743,0.06257992578411314
2744,0.15928557710540187
2745,0.10313598863433457
2746,0.06253131745787258
2747,0.20316678175748898
2748,0.046559626948344035
2749,0.03525444961337778
2750,0.26353315099619234
2751,0.12924579303105946
2752,0.14733670456598247
2753,0.04068625218974681
2754,0.08523304109921409
2755,0.031234404590095816
2756,0.05794676366493012
2757,0.32945743562544866
2758,0.0771208666943315
2759,0.07135532725862534
2760,0.03349883981748237
2761,0.05312403764933466
2762,0.07585874931961258
2763,0.037441859315405106
2764,0.08193633514694325
2765,0.2748971346886926
2766,0.08613693024694369
2767,0.12013901127573787
2768,0.07875318442629735
2769,0.03207237825515244
2770,0.10928545153042768
2771,0.03105866453605733
2772,0.14381900550948554
2773,0.06232793322328842
2774,0.26563188435342966
2775,0.07167403078664063
2776,0.12702636149907165
2777,0.08022829242539044
2778,0.08891346111389206
2779,0.05933517818424751
2780,0.0299544451987597
2781,0.07562343079502312
2782,0.09076086750839127
2783,0.1519990626072114
2784,0.04188799514897945
2785,0.06846607195000205
2786,0.6695206828942931
2787,0.09001259044829715
2788,0.21508417053192566
2789,0.045739003100940354
2790,0.08669183199533148
2791,0.10781255281578378
2792,0.04000044117516091
2793,0.10197968018367692
2794,0.03990267842395522
2795,0.055959257581780913
2796,0.04949975867649893
2797,0.060886761349923935
2798,0.38743105529236527
2799,0.18615238259344757
2800,0.05882186640704896
2801,0.040841155979353325
2802,0.05346404546973868
2803,0.18793538821794453
2804,0.13591003116910758
2805,0.03466699101185107
2806,0.12236431118114684
2807,0.05066248903085958
2808,0.05269920628585988
2809,0.04175521056147638
2810,0.05893903954248229
2811,0.0641276622417784
2812,0.07544148873596555
2813,0.04239729425696813
2814,0.06895620346762554
2815,0.02323883201923716
2816,0.09208867053351487
2817,0.03560180245144884
2818,0.07530972904937988
2819,0.042229107878717205
2820,0.08991927792173848
2821,0.054597413527752145
2822,0.030492545589370507
2823,0.10993967817975028
2824,0.050037572338153175
2825,0.20119971765319306
2826,0.1850634160104492
2827,0.08798213071158714
2828,0.04186130631948959
2829,0.02977432869284822
2830,0.021785491294115257
2831,0.058987615859668885
2832,0.10645623707826818
2833,0.15295634188105017
2834,0.03855201497224146
2835,0.05407327023338103
2836,0.11760018507985098
2837,0.057171768553928526
2838,0.09927049623148826
2839,0.18046747904832938
2840,0.08169513299897849
2841,0.17709165965156448
2842,0.031125376671236653
2843,0.0881111472366187
2844,0.16436003815352931
2845,0.07792411417817525
2846,0.04279593814563181
2847,0.016968575397436233
2848,0.06640587263395019
2849,0.047443472806654466
2850,0.04886211540027799
2851,0.03609390581885753
2852,0.04426617258939937
2853,0.03358151512831506
2854,0.11010721835185774
2855,0.108896901990587
2856,0.03482723038934516
2857,0.04289997387314029
2858,0.14566701594163345
2859,0.05663269760748117
2860,0.09286977040121472
2861,0.08230698620148064
2862,0.09059843696059836
2863,0.024133988107057164
2864,0.11275149864728463
2865,0.0641407837333973
2866,0.0850176745064371
2867,0.028260850175520862
2868,0.11321667004571154
2869,0.08382897015139065
2870,0.02670851522275314
2871,0.07852633972420867
2872,0.22760249574626967
2873,0.0935281245110163
2874,0.10508817794403608
2875,0.11092499335090708
2876,0.06723457755010596
2877,0.04125765306684031
2878,0.02491758488804805
2879,0.05413603581244594
2880,0.07844721287492104
2881,0.06503268939469592
2882,0.0529608891209047
2883,0.05649983188223187
2884,0.14861617139910177
2885,0.059446399826925796
2886,0.026276024403481046
2887,0.031061040876709137
2888,0.32737711395213154
2889,0.1507168514433191
2890,0.2836429852994107
2891,0.07766584515411352
2892,0.11431962647995611
2893,0.034956235094944325
2894,0.20274185224463098
2895,0.034719449845717745
2896,0.1210909335875698
2897,0.17542920925659167
2898,0.08379455357912433
2899,0.06418388614503621
2900,0.07468579781142887
2901,0.035556825490209394
2902,0.09541636308642974
2903,0.10448379585194727
2904,0.2033724271020234
2905,0.040969741083963625
2906,0.08934066062383111
2907,0.13514049499127717
2908,0.03586381816550436
2909,0.06107670535580065
2910,0.03878240441750873
2911,0.07510953426371925
2912,0.06804885781590382
2913,0.19251884668487468
2914,0.09954050510390397
2915,0.06957306842852246
2916,0.162792450980594
2917,0.08442823967499605
2918,0.06114860332243298
2919,0.10263828197944427
2920,0.04696019925922805
2921,0.0709802445347274
2922,0.05924778225055908
2923,0.04779912587778121
2924,0.030296245784513037
2925,0.06606883814655982
2926,0.10886832551287429
2927,0.055105618382781885
2928,0.05919580520451975
2929,0.059670764616947716
2930,0.10439528206000631
2931,0.1615520350728446
2932,0.06522289704054632
2933,0.15440393495286237
2934,0.05514886705799881
2935,0.0957692618100765
2936,0.09775549695847449
2937,0.07984596330067711
2938,0.015173837561637326
2939,0.08947512467395245
2940,0.3424125155920391
2941,0.4259639661822174
2942,0.08852336976698652
2943,0.12373428759202701
2944,0.1175919506950645
2945,0.022449105234693154
2946,0.2971712172100204
2947,0.05196762684510391
2948,0.06202142201160824
2949,0.04578224274318817
2950,0.07591559507397722
2951,0.05249242833211561
2952,0.07071719878877536
2953,0.008486590192791082
2954,0.09621720221750837
2955,0.1673007112029748
2956,0.03198033111435039
2957,0.10210963976282696
2958,0.04804115108476517
2959,0.04570081514827436
2960,0.04069625845756017
2961,0.018045880995106157
2962,0.08846493321473628
2963,0.03053678648961374
2964,0.027922026475734323
2965,0.10247533245787846
2966,0.079506418731711
2967,0.037167365898715055
2968,0.044602843009791684
2969,0.1285989296920574
2970,0.06638758549160732
2971,0.04694144397907785
2972,0.10423523699683748
2973,0.051621778836797604
2974,0.3334138570047452
2975,0.07731391279236227
2976,0.06052159671482649
2977,0.04335380239973126
2978,0.06949918773181497
2979,0.052007373796644746
2980,0.03667063841066036
2981,0.045110348005118144
2982,0.37281705929528103
2983,0.09930855390732343
2984,0.07293443626316459
2985,0.017751548647329113
2986,0.08310854220934644
2987,0.047607133422668146
2988,0.0559991523574339
2989,0.08038564501118516
2990,0.28454325899376415
2991,0.09726499540055153
2992,0.06128063898789603
2993,0.10996581713374824
2994,0.07073949153458294
2995,0.19592407813957163
2996,0.09927268362959232
2997,0.034059804092517874
2998,0.07697872862173968
2999,0.036058141985943
3000,0.09750058786988319
3001,0.05674607392210645
3002,0.03882837276719939
3003,0.065381665760156
3004,0.02779871482846877
3005,0.09187418191269839
3006,0.05279357404321158
3007,0.10966454492739419
3008,0.08643918570955697
3009,0.12293386514601032
3010,0.07937788673679083
3011,0.25867497557738806
3012,0.08451599681427298
3013,0.8994557984768515
3014,0.10052412038127376
3015,0.023840650826993035
3016,0.060629977366893156
3017,0.047030173639323866
3018,0.041767448384928796
3019,0.050483109254600284
3020,0.12936967446462305
3021,0.055202564998946074
3022,0.04122497091683085
3023,0.4499077145995033
3024,0.19556000131941936
3025,0.064902884924772
3026,0.2880843167219557
3027,0.09053227132018302
3028,0.12442554594966407
3029,0.07814813906643919
3030,0.028964593362420105
3031,0.11341876296386147
3032,0.18217329035232518
3033,0.0685355180691929
3034,0.11552126041320687
3035,0.05383263678752077
3036,0.09670149630585942
3037,0.17626856874011082
3038,0.1273247014009844
3039,0.09894129560117762
3040,0.06523656357680746
3041,0.07573799995825198
3042,0.04412736610874379
3043,0.07108986463893882
3044,0.10098005866882387
3045,0.042703915368303196
3046,0.12498170335518621
3047,0.36615807992719757
3048,0.04859240924501556
3049,0.08911558764276759
3050,0.0922542159103942
3051,0.04465359333296893
3052,0.0898622901382709
3053,0.0380083992042817
3054,0.08074807012363334
3055,0.08412391876991367
3056,0.8132929701468552
3057,0.10064821499910917
3058,0.03451411647435234
3059,0.0343776109119427
3060,0.14875315453906007
3061,0.08041401965127164
3062,0.03814849074882026
3063,0.1659021914847508
3064,0.21994415533561656
3065,0.18031721393753294
3066,0.053013353959785736
3067,0.09383527626859153
3068,0.054758064493086886
3069,0.04976731542982827
3070,0.044960396141704995
3071,0.06082880965109365
3072,0.08572274789211966
3073,0.06269058679686836
3074,0.05021289501817799
3075,0.25179293270688224
3076,0.07379111885188777
3077,0.07855462330375237
3078,0.0831258874050719
3079,0.11658503520793362
3080,0.05066686022077532
3081,0.06604830953050976
3082,0.08229688096683234
3083,0.03249163588273088
3084,0.0915076133067145
3085,0.1335923368762297
3086,0.04771088276808991
3087,0.0673058130619662
3088,0.1496244221120773
3089,0.10004572102862139
3090,0.07312728742690268
3091,0.07861023780739052
3092,0.04082207791650582
3093,0.052817905032532766
3094,0.07390417540818005
3095,0.1712679133130548
3096,0.0593947199146419
3097,0.0347338717072991
3098,0.030731928584848082
3099,0.04318990154442371
3100,0.13262499958584045
3101,0.124349178225632
3102,0.036606265610746834
3103,0.033371941990496624
3104,0.07415567768533853
3105,0.1100473131701716
3106,0.07137954224877499
3107,0.04691846707312348
3108,0.14882786650996135
3109,0.04701030324348047
3110,0.06028171203229481
3111,0.10963495039689154
3112,0.0929863711691078
3113,0.11513149119868102
3114,0.08970451171794504
3115,0.10773367449321336
3116,0.060735553345503415
3117,0.05167880602073016
3118,0.2315148006337386
3119,0.10804844083597367
3120,0.04256684402542586
3121,0.17777915979723885
3122,0.08781587842480619
3123,0.05730456336110633
3124,0.06160393651964676
3125,0.10936998907863899
3126,0.0403340497931434
3127,0.3711262109778517
3128,0.06603337710144862
3129,0.12385871683789834
3130,0.08202890865150869
3131,0.13115936060053826
3132,0.1385830957300631
3133,0.044486111803094364
3134,0.10707261287279293
3135,0.05936590473800888
3136,0.06451751558163499
3137,0.047977981528433036
3138,0.11114108726932814
3139,0.04374878494251988
3140,0.031857669082417
3141,0.08795843031321032
3142,0.1261372485891871
3143,0.03883638730213759
3144,0.017269926089122235
3145,0.042681749900070086
3146,0.08755565616336936
3147,0.10468928934685352
3148,0.06343869673040262
3149,0.2709473436199793
3150,0.06267775919539029
3151,0.09029701824100077
3152,0.13015117970604695
3153,0.11542183731017627
3154,0.07302361278069391
3155,0.08187688336248825
3156,0.08430942596089387
3157,0.12441905867999928
3158,0.07328107000750538
3159,0.13606048505401444
3160,0.12577498332805437
3161,0.11064561144907589
3162,0.04730687585568534
3163,0.20000632714361835
3164,0.023565404101069522
3165,0.0983765747836936
3166,0.048405704593734555
3167,0.12720790718831163
3168,0.11212489386259483
3169,0.04427880093640197
3170,0.06302936524487737
3171,0.04887177660683901
3172,0.061324474303682694
3173,0.16809474002224234
3174,0.03163248201812469
3175,0.10169912478437149
3176,0.1535443045868497
3177,0.0865940292234776
3178,0.25179807562996304
3179,0.06642953459680771
3180,0.03461901003565707
3181,0.10537149176807128
3182,0.04806451837816824
3183,0.15940166332502748
3184,0.053254651356993046
3185,0.04046813680737004
3186,0.07502481440584632
3187,0.09443340750399201
3188,0.06110023863476827
3189,0.08912766520024613
3190,0.21979731675930775
3191,0.05429218117582007
3192,0.0646997785783052
3193,0.06160909332482908
3194,0.10997456856230581
3195,0.2679933672756422
3196,0.09046698951814522
3197,0.05498139886785819
3198,0.02637373072115693
3199,0.09958708522146514
3200,0.04486910010805766
3201,0.05945093483035818
3202,0.12469229591781415
3203,0.04887843223994862
3204,0.09019724010388264
3205,0.1080172602136979
3206,0.055672615578109645
3207,0.13344636306462243
3208,0.02883946930908385
3209,0.05823340724442762
3210,0.0389761102351455
3211,0.11757425468511354
3212,0.06482706365839888
3213,0.08790690438574097
3214,0.06040526579696167
3215,0.07290627324130472
3216,0.13562931090780872
3217,0.04629212855255545
3218,0.11331134416868822
3219,0.08462853883953222
3220,0.06859594225827363
3221,0.03887320437298711
3222,0.07326033234081687
3223,0.055892779560072076
3224,0.02435746353052325
3225,0.05489672712100726
3226,0.09682967021136034
3227,0.07579492500178103
3228,0.06460442702577042
3229,0.16617959899299087
3230,0.03236363998901921
3231,0.17270467956747476
3232,0.04577527776481677
3233,0.11297490666342036
3234,0.0479903586321508
3235,0.09871157982397896
3236,0.05026190199507157
3237,0.05591516124349949
3238,0.06840136956850482
3239,0.16024867266824705
3240,0.02984978075789849
3241,0.05994709257443898
3242,0.160844011500761
3243,0.17269778793795526
3244,0.08552527941658819
3245,0.09203213519502548
3246,0.030520070902559048
3247,0.07113907636833308
3248,0.2115828887411495
3249,0.08369733644641535
3250,0.06694506448743648
3251,0.04805918758004886
3252,0.07644380008176598
3253,0.10060102281775515
3254,0.09989656561923009
3255,0.08807748527456945
3256,0.04008378529929655
3257,0.043901775119265005
3258,0.04541296356961886
3259,0.041653193969671626
3260,0.25395223760581165
3261,0.18072518209272115
3262,0.057802129557812096
3263,0.0495453034747393
3264,0.0313679198665809
3265,0.05209748866891333
3266,0.08710860626077185
3267,0.04941410557840057
3268,0.017804028189301314
3269,0.08117613378730058
3270,0.08946801132037141
3271,0.026707997364263214
3272,0.0864420890125045
3273,0.08720500666571868
3274,0.07688930863729895
3275,0.07962648377841629
3276,0.0884046891251873
3277,0.09883695030459369
3278,0.09966266731035084
3279,0.05845726141211753
3280,0.07105270827160999
3281,0.2934122399736894
3282,0.055497112829355086
3283,0.06338452611573692
3284,0.08813550257278305
3285,0.0641223993573604
3286,0.020199047720499515
3287,0.03300632647864481
3288,0.13527484469116846
3289,0.25452632393566954
3290,0.0818879043240308
3291,0.05941023561354419
3292,0.30918583140814204
3293,0.032333213591251506
3294,0.08044359144749963
3295,0.05785711413664958
3296,0.07299449526845732
3297,0.6068693513307343
3298,0.14093597788281684
3299,0.10656042710738663
3300,0.04387992313142371
3301,0.1074785396563437
3302,0.027426968711468516
3303,0.027839923958251363
3304,0.03351056170551223
3305,0.12795167176813263
3306,0.07380093672869426
3307,0.09101712367334605
3308,0.07330015607988843
3309,0.17245551670646941
3310,0.05986119296619562
3311,0.07871481501662138
3312,0.06369601152742066
3313,0.07147070066598366
3314,0.208619821739456
3315,0.10100629839739311
3316,0.08622488654536492
3317,0.02444541034495004
3318,0.06024264171129564
3319,0.061962666329676584
3320,0.04748543266687543
3321,0.162828378709494
3322,0.04373360325140836
3323,0.049929090990875204
3324,0.14078551436406123
3325,0.0889560227928893
3326,0.14475277011882065
3327,0.11793728330930099
3328,0.048154641863852106
3329,0.06476964268312824
3330,0.05982917602999055
3331,0.052037270655483255
3332,0.049864602898082956
3333,0.07026538141546848
3334,0.035585427609043346
3335,0.11568205309292313
3336,0.09606898599790724
3337,0.044247785818078825
3338,0.0636963339573273
3339,0.12219343968676608
3340,0.1123706086133368
3341,0.08217170884479329
3342,0.097592426271846
3343,0.11572371963330133
3344,0.07538785743015615
3345,0.04608741692491673
3346,0.07380888967835969
3347,0.3495892188269156
3348,0.04095118651063877
3349,0.06469128624316378
3350,0.16461881763475963
3351,0.03969123938519555
3352,0.043488721417882
3353,0.1222357811065042
3354,0.062016671842060805
3355,0.06605964055329973
3356,0.08456465452715727
3357,0.060585777142314425
3358,0.08839811385761977
3359,0.06943998399160865
3360,0.11225534984515217
3361,0.21117023114806593
3362,0.06421101957488387
3363,0.056415461680031365
3364,0.15389842468313703
3365,0.03995967819421625
3366,0.07778774704976955
3367,0.0973830163716326
3368,0.0400086323103516
3369,0.2388744092520595
3370,0.10036228282803272
3371,0.1501257636642064
3372,0.2037069885897527
3373,0.12278682398503199
3374,0.08728382739844065
3375,0.050496225556088944
3376,0.1380603167299613
3377,0.09152895442995646
3378,0.12044376047373447
3379,0.10707682022548945
3380,0.04294986643478251
3381,0.03212513505528751
3382,0.09957775992781032
3383,0.09936618377413532
3384,0.1300245220830342
3385,0.06678101445800619
3386,0.06857690519780832
3387,0.04052833411345817
3388,0.12175001767483935
3389,0.05410919947598678
3390,0.03713526937168359
3391,0.05593463216283148
3392,0.13118989055593466
3393,0.15248743686468724
3394,0.06061155595018343
3395,0.04160184518874752
3396,0.11427251489431439
3397,0.44178747404179536
3398,0.15285382654446306
3399,0.07177030120095508
3400,0.05165209076653251
3401,0.040189824686365054
3402,0.09084219459822054
3403,1.0
3404,0.10608965356585762
3405,0.09760474316130632
3406,0.06946525458528607
3407,0.020003283951644128
3408,0.21253380091040386
3409,0.02911824973312797
3410,0.10383720218135195
3411,0.08569416605280736
3412,0.06987527482648132
3413,0.09595569093468541
3414,0.0712622256944403
3415,0.034813425723108665
3416,0.023937108378923044
3417,0.053990977466363596
3418,0.08111702190238665
3419,0.09127697647147132
3420,0.04970855302859456
3421,0.3583276918617691
3422,0.06108794773121469
3423,0.13157260908082244
3424,0.050506750264187716
3425,0.09439289718081928
3426,0.05992646310432073
3427,0.07787509464089314
3428,0.0742787404113755
3429,0.10623904796313083
3430,0.04893219046347988
3431,0.026629062873570787
3432,0.1949763033295365
3433,0.0674181672029232
3434,0.0658183335512962
3435,0.12263848172133948
3436,0.03283002816723235
3437,0.029485907947082935
3438,0.03338033231320212
3439,0.05371606354090971
3440,0.096210730966557
3441,0.08559383924756235
3442,0.09501553100661532
3443,0.09590626396681456
3444,0.05711094134218803
3445,0.06934779553586401
3446,0.013292574964248209
3447,0.0867969073577987
3448,0.07651246439719614
3449,0.005497235311056423
3450,0.07209129761192151
3451,0.04924254139916753
3452,0.036571490128794494
3453,0.032563680574125974
3454,0.01174968330782522
3455,0.044724281179749914
3456,0.07217947376008206
3457,0.08517389955318369
3458,0.08546473720813999
3459,0.33116061194489543
3460,0.0646709248592216
3461,0.0735292475563659
3462,0.02873587582925558
3463,0.0372267683677494
3464,0.05550528722785755
3465,0.15088220938228927
3466,0.05138115004718282
3467,0.17543673635405002
3468,0.07754457449693444
3469,0.02853781447953886
3470,0.09178811626992882
3471,0.10641590095763315
3472,0.07185555014142597
3473,0.6933705063120661
3474,0.030957962980732428
3475,0.07675391493221696
3476,0.06507843797292726
3477,0.07466691787043504
3478,0.02611714813492388
3479,0.07338702506233252
3480,0.09494971085397429
3481,0.12485022060073708
3482,0.05011589872138418
3483,0.042993804271452114
3484,0.07135794687682394
3485,0.12067526243721302
3486,0.09799030620469451
3487,0.048304312930640386
3488,0.12225687988516984
3489,0.05031811066447006
3490,0.0690910241033017
3491,0.0629316364660237
3492,0.3155698685855064
3493,0.1059172287279154
3494,0.10977691759129146
3495,0.10181902181317126
3496,0.047593932207523205
3497,0.07616577758595897
3498,0.1792846275048694
3499,0.027280177261209217
3500,0.06636608843324561
3501,0.06821567940450643
3502,0.05885080970462478
3503,0.05840517344054036
3504,0.10972474493237999
3505,0.062189574430375164
3506,0.658311312022066
3507,0.1452064425292484
3508,0.03714039250984171
3509,0.06775322168693132
3510,0.03913840041335119
3511,0.05945012615397849
3512,0.027966471738335708
3513,0.03353250479893895
3514,0.08231468608000866
3515,0.035593784113358534
3516,0.0926699361053913
3517,0.08637540713285889
3518,0.061634460072965316
3519,0.05861120328450972
3520,0.06233895380090482
3521,0.09338351632898323
3522,0.11257890907705399
3523,0.14850809565705259
3524,0.03354890858225144
3525,0.23120383355569676
3526,0.22109436250747405
3527,0.09841422260630123
3528,0.027806178035466523
3529,0.11041431520938644
3530,0.12616897639882532
3531,0.05229616071273302
3532,0.040443433921971875
3533,0.07941768966648091
3534,0.05176275937898936
3535,0.09243785434922108
3536,0.09458662893840267
3537,0.16709494341164224
3538,0.031232826077252394
3539,0.06805352479931079
3540,0.09798145483330672
3541,0.04498141901781198
3542,0.16604083431947167
3543,0.29434945634552123
3544,0.27131366687612773
3545,0.06267631118438499
3546,0.0933525438686643
3547,0.04574542058214928
3548,0.2408883353265356
3549,0.04327258534197525
3550,0.36146162168019735
3551,0.05726380353629144
3552,0.7993981393086326
3553,0.07796173460430536
3554,0.025223104666826427
3555,0.012861114501748209
3556,0.07161920554618093
3557,0.10854824752955641
3558,0.061040996321402204
3559,0.0954196549436547
3560,0.1044569559191402
3561,0.04798545982446084
3562,0.05144094822391204
3563,0.1807296510584052
3564,0.066079700118578
3565,0.05265433580894789
3566,0.20561372998724664
3567,0.11762918291859614
3568,0.1230268847945545
3569,0.057295310440661926
3570,0.053905786105554084
3571,0.08909714658102946
3572,0.04223488105120272
3573,0.07521023962045864
3574,0.03734915607008857
3575,0.05395847717408532
3576,0.15613993151765404
3577,0.07594112077814837
3578,0.03446202648175378
3579,0.02376155858886103
3580,0.04154227041589463
3581,0.018856922130310816
3582,0.04122780558268101
3583,0.10963831516624153
3584,0.036768415015227984
3585,0.050155206819025744
3586,0.07284947818792376
3587,0.3072246922120931
3588,0.0804861862727447
3589,0.10079704418271929
3590,0.04815217405248675
3591,0.2668113793285351
3592,0.051976778581467584
3593,0.13066250804674548
3594,0.10758118845936712
3595,0.03553383708769291
3596,0.11880873435680966
3597,0.10312930844654589
3598,0.07343574476913665
3599,0.04743155244052896
3600,0.2193422901023794
3601,0.06070522805640871
3602,0.07693671287825037
3603,0.362526700304363
3604,0.05351402626634702
3605,0.08933623128439558
3606,0.08625024744953014
3607,0.1303334697436118
3608,0.05891708314403276
3609,0.10871042216370601
3610,0.023481729742766022
3611,0.11243026640008501
3612,0.07559750564202125
3613,0.03763701033488684
3614,0.11160296362398539
3615,0.03093740945963084
3616,0.1023076537208884
3617,0.07148833321325931
3618,0.033045031490518136
3619,0.13914811093349744
3620,0.04130747125010717
3621,0.053241060013601585
3622,0.10578437800750833
3623,0.07145939497167125
3624,0.19736290382397118
3625,0.025438293746383987
3626,0.039126295973793766
3627,0.0779445815062843
3628,0.13622825511255687
3629,0.08244596438759277
3630,0.041939553313800615
3631,0.013589899013588896
3632,0.10017209947960126
3633,0.053947842781089404
3634,0.016665240669235973
3635,0.06989895781436826
3636,0.15227473002662933
3637,0.06974709508154549
3638,0.052153613724123915
3639,0.07927107265588362
3640,0.6246791217643963
3641,0.058646904493652396
3642,0.09127200437544947
3643,0.058735073653372674
3644,0.1265969715720388
3645,0.06573555741731735
3646,0.07195043323488541
3647,0.058079887605236864
3648,0.06065901182295814
3649,0.026355234106392737
3650,0.04510466824819887
3651,0.05258338854652721
3652,0.18678225881164495
3653,0.0700207972676
3654,0.12190752954017414
3655,0.058463012827339164
3656,0.1380590955980468
3657,0.1291865810711095
3658,0.03927327539415752
3659,0.10143008104764893
3660,0.12385981843839175
3661,0.02479455728300833
3662,0.048960686123860286
3663,0.06206385659512629
3664,0.09600547924575185
3665,0.11116226401573628
3666,0.20019869499274562
3667,0.04999356885990265
3668,0.20535175426176705
3669,0.05994060239867316
3670,0.2552215625434485
3671,0.07789963104611977
3672,0.10203578490329158
3673,0.34843149132526624
3674,0.20659533918241713
3675,0.1786352894903708
3676,0.048914629472572135
3677,0.05914297949132568
3678,0.04737356470147146
3679,0.062044438803848016
3680,0.19113704163167589
3681,0.05369510030682193
3682,0.06744336086238452
3683,0.02131364072118372
3684,0.04233723080263832
3685,0.05952165998712945
3686,0.09302739897604395
3687,0.040624469307533356
3688,0.05433745462422246
3689,0.04380610885450764
3690,0.056597184922203086
3691,0.06709215741280597
3692,0.08527546312531364
3693,0.09806501282361219
3694,0.1335577160179569
3695,0.04987836287124238
3696,0.12639113883857864
3697,0.06717056481319192
3698,0.06573865070119399
3699,0.09669193939152032
3700,0.04845771546168263
3701,0.11226831772022469
3702,0.04103028889343598
3703,0.1314224823252899
3704,0.04630739831914884
3705,0.04332706510396399
3706,0.08264126713464162
3707,0.20811217989454933
3708,0.12507082598181374
3709,0.05387408560963367
3710,0.19999637830425632
3711,0.4011215168505766
3712,0.08926925316629877
3713,0.07140168330257851
3714,0.013367174871578718
3715,0.13861691612376878
3716,0.050536311279656236
3717,0.04693840531596721
3718,0.1352249535705093
3719,0.016678475879464506
3720,0.11198931167530585
3721,0.09477670596453086
3722,0.07166719138361263
3723,0.06844287686024193
3724,0.31155509297025313
3725,0.16510562368210993
3726,0.016741894411228288
3727,0.10192156224310625
3728,0.07411270467536342
3729,0.03904263691216229
3730,0.035994244412454565
3731,0.1218596741164832
3732,0.3316665470206284
3733,0.11604614044486987
3734,0.04612254030643555
3735,0.05497280223035116
3736,0.0120989489530165
3737,0.06245224318070533
3738,0.3471552955635662
3739,0.10095119001258644
3740,0.06837891696930161
3741,0.06985789545932199
3742,0.03007453400335318
3743,0.13685592582212416
3744,0.06878038780559557
3745,0.037565094556639325
3746,0.16584541291827543
3747,0.06155523912014556
3748,0.14809753376768642
3749,0.05810967175991473
3750,0.037849560752662374
3751,0.10650776849455562
3752,0.0609532244048924
3753,0.20837910598966738
3754,0.1495220258667347
3755,0.09614425149061172
3756,0.03827814026828517
3757,0.050288515751868886
3758,0.05615714958933918
3759,0.15431477664726218
3760,0.03307228011209777
3761,0.06737652092888644
3762,0.23058706399938972
3763,0.4025006510506669
3764,0.051680608387462676
3765,0.1095425758840444
3766,0.09080653572333307
3767,0.09609405753194199
3768,0.11807399630702897
3769,0.3920981521984429
3770,0.09680276819640049
3771,0.044047430492129655
3772,0.077838003904451
3773,0.06530448927332255
3774,0.1701185632648436
3775,0.14101743447779658
3776,0.10977569255451383
3777,0.08155593028628186
3778,0.04976296552389045
3779,0.06351005015068797
3780,0.06601266687306484
3781,0.09952025941049444
3782,0.024290762328346586
3783,0.06461788084494359
3784,0.13319978545104072
3785,0.048084269069869096
3786,0.08529371749510334
3787,0.0636317009823974
3788,0.15788296829556173
3789,0.07363455182585099
3790,0.03151233487537128
3791,0.03688803241640436
3792,0.0839655298196944
3793,0.189890652461426
3794,0.05186617161431441
3795,0.2160404789074858
3796,0.08151603589829426
3797,0.061792510102112716
3798,0.10233915518654413
3799,0.08209608697869986
3800,0.2141540130006702
3801,0.09678695147048261
3802,0.061821671429503816
3803,0.029410352847940427
3804,0.13528922089774484
3805,0.042928124649909874
3806,0.06522810679837705
3807,0.03948041773599988
3808,0.11208265704765424
3809,0.049839466560614325
3810,0.01945094298343163
3811,0.045011461181093566
3812,0.45312634141624536
3813,0.5341823167605028
3814,0.07392912509002529
3815,0.1770482140742085
3816,0.06262411391519995
3817,0.06312064903559961
3818,0.03852705247994506
3819,0.09474461680257734
3820,0.21821445731114839
3821,0.10498188170646396
3822,0.2270000441223439
3823,0.0650204101716951
3824,0.08789096931905822
3825,0.08359935255987708
3826,0.046752937775845306
3827,0.2963801507388674
3828,0.037204733011661176
3829,0.03867525917262049
3830,0.04113376400672075
3831,0.059522587767954244
3832,0.02831565396119917
3833,0.1239264574925433
3834,0.04755543752439006
3835,0.07129246247202016
3836,0.19680583078899377
3837,0.09982499739714411
3838,0.08740660013535446
3839,0.04392938237206395
3840,0.0553913156344661
3841,0.0640962446615424
3842,0.02270752143656873
3843,0.09563041709062801
3844,0.04192329679409458
3845,0.022921081196457645
3846,0.12069577507033169
3847,0.1260926308482369
3848,0.20620939321103124
3849,0.03370190744258453
3850,0.07192716587268416
3851,0.09938637540237649
3852,0.022111706957550895
3853,0.09647263835951925
3854,0.08647642952350576
3855,0.08762572789213091
3856,0.09036783611272392
3857,0.04223339766630892
3858,0.2198903994236969
3859,0.9024724881376233
3860,0.1380695950768814
3861,0.105190214006401
3862,0.06984157099645645
3863,0.04000363157368894
3864,0.06267928310349376
3865,0.07083343687687611
3866,0.06786370690582871
3867,0.03197960441589228
3868,0.10863044682414832
3869,0.06548339339582154
3870,0.0824655425029755
3871,0.17780902946408336
3872,0.2474621892866573
3873,0.011338778116173464
3874,0.21234711331609718
3875,0.09417194230846825
3876,0.05803412235593021
3877,0.04780476922718288
3878,0.08227252286695041
3879,0.1751177717556279
3880,0.0630938651712618
3881,0.13718550845978894
3882,0.19370346013369671
3883,0.02253420366501769
3884,0.02453602337074976
3885,0.050875712295917586
3886,0.15636798953964812
3887,0.08412503928869135
3888,0.09162915628030273
3889,0.05131141806969536
3890,0.243660319973104
3891,0.14011405809157124
3892,0.09327162651279142
3893,0.02416644540222028
3894,0.08419516924741619
3895,0.04945392524878861
3896,0.07994174799028134
3897,0.07961620798222958
3898,0.022233137564027623
3899,0.05215160881953294
3900,0.0837053566190912
3901,0.1281543631701296
3902,0.02795304269401614
3903,0.13981339193958525
3904,0.06688379248831955
3905,0.06282456144605968
3906,0.04053548792708063
3907,0.05031248425077636
3908,0.08624064991560916
3909,0.04451944221822456
3910,0.04309769062460829
3911,0.17183879663745427
3912,0.11067083797997736
3913,0.05728581538385979
3914,0.11361668700099672
3915,0.06479794520692773
3916,0.07058867902913844
3917,0.04060890076663812
3918,0.03909464123211061
3919,0.046076566359401966
3920,0.04647795629623963
3921,0.08072774101441985
3922,0.2749845473105629
3923,0.06484497956539383
3924,0.13500066168367233
3925,0.07438027781172092
3926,0.04476242263759887
3927,0.07508964639858247
3928,0.09437806164504722
3929,0.10089095879701415
3930,0.07240476950839149
3931,0.21418571612717024
3932,0.056024061561292755
3933,0.07467090398335834
3934,0.07868682772453413
3935,0.03929529398234696
3936,0.02550742222466576
3937,0.6135437917498894
3938,0.3184552270941275
3939,0.17896938007543084
3940,0.08727203623691485
3941,0.07568273238444174
3942,0.05464162708772461
3943,0.061419186183480884
3944,0.08853134005578552
3945,0.13266190041915166
3946,0.10859018375165244
3947,0.05958537251454489
3948,0.15170899893132297
3949,0.14354537846989984
3950,0.1525926152622435
3951,0.050782791677871766
3952,0.06539342345338889
3953,0.051750435663705935
3954,0.046285107957748706
3955,0.03346635040272436
3956,0.025906716097390387
3957,0.08532150331592445
3958,0.0823547440571949
3959,0.05625716922902073
3960,0.05061719780255222
3961,0.01750162782384617
3962,0.034818596739774596
3963,0.15237330575254704
3964,0.11512891695717958
3965,0.05217168005298655
3966,0.04973030508965428
3967,0.1183461666128795
3968,0.044748780964243784
3969,0.06213009967416078
3970,0.04060171582688626
3971,0.12095227645659717
3972,0.05941769816072711
3973,0.07057386512580031
3974,0.10805948060990062
3975,0.019504843342767444
3976,0.06450377971952467
3977,0.021168931051041687
3978,0.08092618770571036
3979,0.03825889486581494
3980,0.029207480516625646
3981,0.06774227979015493
3982,0.08174165830153199
3983,0.02521894802898413
3984,0.13004225435799344
3985,0.211536761325234
3986,0.09654986060742415
3987,0.03948925245696266
3988,0.060108183828271794
3989,0.10746943939436814
3990,0.08739104156366892
3991,0.01720469606943514
3992,0.07569380387343241
3993,0.09426249766409506
3994,0.03844758841770926
3995,0.10207644735254437
3996,0.2623127616516087
3997,0.028199678417073826
3998,0.029532980673024765
3999,0.023069446321646227
4000,0.07786787675987292
4001,0.024422164438791777
4002,0.03446168245300867
4003,0.10917122269523163
4004,0.039218059664895104
4005,0.0670766183086971
4006,0.05038742149538314
4007,0.06623782508798061
4008,0.03210007829363526
4009,0.032779609991580916
4010,0.024364807980851697
4011,0.13852601460932534
4012,0.05271411506812262
4013,0.07568536068563093
4014,0.05802980974407566
4015,0.062282901848926014
4016,0.047792856994072555
4017,0.06740339439238091
4018,0.06301483768251283
4019,0.06572632494836592
4020,0.09001248572340849
4021,0.05559714307466823
4022,0.045600980760390375
